[2020-05-28 21:53:17] laravel.EMERGENCY: Unable to create configured logger. Using emergency logger. {"exception":"[object] (InvalidArgumentException(code: 0): Log [] is not defined. at C:\\dev\\Unifiedtransform\\vendor\\laravel\\framework\\src\\Illuminate\\Log\\LogManager.php:192)
[stacktrace]
#0 C:\\dev\\Unifiedtransform\\vendor\\laravel\\framework\\src\\Illuminate\\Log\\LogManager.php(118): Illuminate\\Log\\LogManager->resolve(NULL)
#1 C:\\dev\\Unifiedtransform\\vendor\\laravel\\framework\\src\\Illuminate\\Log\\LogManager.php(98): Illuminate\\Log\\LogManager->get(NULL)
#2 C:\\dev\\Unifiedtransform\\vendor\\laravel\\framework\\src\\Illuminate\\Log\\LogManager.php(547): Illuminate\\Log\\LogManager->driver()
#3 C:\\dev\\Unifiedtransform\\vendor\\laravel\\framework\\src\\Illuminate\\Foundation\\Exceptions\\Handler.php(122): Illuminate\\Log\\LogManager->error('could not find ...', Array)
#4 C:\\dev\\Unifiedtransform\\app\\Exceptions\\Handler.php(39): Illuminate\\Foundation\\Exceptions\\Handler->report(Object(Illuminate\\Database\\QueryException))
#5 C:\\dev\\Unifiedtransform\\vendor\
unomaduro\\collision\\src\\Adapters\\Laravel\\ExceptionHandler.php(57): App\\Exceptions\\Handler->report(Object(Illuminate\\Database\\QueryException))
#6 C:\\dev\\Unifiedtransform\\vendor\\laravel\\framework\\src\\Illuminate\\Foundation\\Console\\Kernel.php(366): NunoMaduro\\Collision\\Adapters\\Laravel\\ExceptionHandler->report(Object(Illuminate\\Database\\QueryException))
#7 C:\\dev\\Unifiedtransform\\vendor\\laravel\\framework\\src\\Illuminate\\Foundation\\Console\\Kernel.php(131): Illuminate\\Foundation\\Console\\Kernel->reportException(Object(Illuminate\\Database\\QueryException))
#8 C:\\dev\\Unifiedtransform\\artisan(37): Illuminate\\Foundation\\Console\\Kernel->handle(Object(Symfony\\Component\\Console\\Input\\ArgvInput), Object(Symfony\\Component\\Console\\Output\\ConsoleOutput))
#9 {main}
"} 
[2020-05-28 21:53:17] laravel.ERROR: could not find driver (SQL: select * from information_schema.tables where table_schema = unifiedtransform and table_name = migrations and table_type = 'BASE TABLE') {"exception":"[object] (Illuminate\\Database\\QueryException(code: 0): could not find driver (SQL: select * from information_schema.tables where table_schema = unifiedtransform and table_name = migrations and table_type = 'BASE TABLE') at C:\\dev\\Unifiedtransform\\vendor\\laravel\\framework\\src\\Illuminate\\Database\\Connection.php:671)
[stacktrace]
#0 C:\\dev\\Unifiedtransform\\vendor\\laravel\\framework\\src\\Illuminate\\Database\\Connection.php(631): Illuminate\\Database\\Connection->runQueryCallback('select * from i...', Array, Object(Closure))
#1 C:\\dev\\Unifiedtransform\\vendor\\laravel\\framework\\src\\Illuminate\\Database\\Connection.php(339): Illuminate\\Database\\Connection->run('select * from i...', Array, Object(Closure))
#2 C:\\dev\\Unifiedtransform\\vendor\\laravel\\framework\\src\\Illuminate\\Database\\Schema\\MySqlBuilder.php(18): Illuminate\\Database\\Connection->select('select * from i...', Array)
#3 C:\\dev\\Unifiedtransform\\vendor\\laravel\\framework\\src\\Illuminate\\Database\\Migrations\\DatabaseMigrationRepository.php(169): Illuminate\\Database\\Schema\\MySqlBuilder->hasTable('migrations')
#4 C:\\dev\\Unifiedtransform\\vendor\\laravel\\framework\\src\\Illuminate\\Database\\Migrations\\Migrator.php(608): Illuminate\\Database\\Migrations\\DatabaseMigrationRepository->repositoryExists()
#5 C:\\dev\\Unifiedtransform\\vendor\\laravel\\framework\\src\\Illuminate\\Database\\Console\\Migrations\\MigrateCommand.php(93): Illuminate\\Database\\Migrations\\Migrator->repositoryExists()
#6 C:\\dev\\Unifiedtransform\\vendor\\laravel\\framework\\src\\Illuminate\\Database\\Console\\Migrations\\MigrateCommand.php(64): Illuminate\\Database\\Console\\Migrations\\MigrateCommand->prepareDatabase()
#7 C:\\dev\\Unifiedtransform\\vendor\\laravel\\framework\\src\\Illuminate\\Database\\Migrations\\Migrator.php(541): Illuminate\\Database\\Console\\Migrations\\MigrateCommand->Illuminate\\Database\\Console\\Migrations\\{closure}()
#8 C:\\dev\\Unifiedtransform\\vendor\\laravel\\framework\\src\\Illuminate\\Database\\Console\\Migrations\\MigrateCommand.php(81): Illuminate\\Database\\Migrations\\Migrator->usingConnection(NULL, Object(Closure))
#9 [internal function]: Illuminate\\Database\\Console\\Migrations\\MigrateCommand->handle()
#10 C:\\dev\\Unifiedtransform\\vendor\\laravel\\framework\\src\\Illuminate\\Container\\BoundMethod.php(33): call_user_func_array(Array, Array)
#11 C:\\dev\\Unifiedtransform\\vendor\\laravel\\framework\\src\\Illuminate\\Container\\Util.php(36): Illuminate\\Container\\BoundMethod::Illuminate\\Container\\{closure}()
#12 C:\\dev\\Unifiedtransform\\vendor\\laravel\\framework\\src\\Illuminate\\Container\\BoundMethod.php(91): Illuminate\\Container\\Util::unwrapIfClosure(Object(Closure))
#13 C:\\dev\\Unifiedtransform\\vendor\\laravel\\framework\\src\\Illuminate\\Container\\BoundMethod.php(35): Illuminate\\Container\\BoundMethod::callBoundMethod(Object(Illuminate\\Foundation\\Application), Array, Object(Closure))
#14 C:\\dev\\Unifiedtransform\\vendor\\laravel\\framework\\src\\Illuminate\\Container\\Container.php(592): Illuminate\\Container\\BoundMethod::call(Object(Illuminate\\Foundation\\Application), Array, Array, NULL)
#15 C:\\dev\\Unifiedtransform\\vendor\\laravel\\framework\\src\\Illuminate\\Console\\Command.php(134): Illuminate\\Container\\Container->call(Array)
#16 C:\\dev\\Unifiedtransform\\vendor\\symfony\\console\\Command\\Command.php(255): Illuminate\\Console\\Command->execute(Object(Symfony\\Component\\Console\\Input\\ArgvInput), Object(Illuminate\\Console\\OutputStyle))
#17 C:\\dev\\Unifiedtransform\\vendor\\laravel\\framework\\src\\Illuminate\\Console\\Command.php(121): Symfony\\Component\\Console\\Command\\Command->run(Object(Symfony\\Component\\Console\\Input\\ArgvInput), Object(Illuminate\\Console\\OutputStyle))
#18 C:\\dev\\Unifiedtransform\\vendor\\symfony\\console\\Application.php(912): Illuminate\\Console\\Command->run(Object(Symfony\\Component\\Console\\Input\\ArgvInput), Object(Symfony\\Component\\Console\\Output\\ConsoleOutput))
#19 C:\\dev\\Unifiedtransform\\vendor\\symfony\\console\\Application.php(264): Symfony\\Component\\Console\\Application->doRunCommand(Object(Illuminate\\Database\\Console\\Migrations\\MigrateCommand), Object(Symfony\\Component\\Console\\Input\\ArgvInput), Object(Symfony\\Component\\Console\\Output\\ConsoleOutput))
#20 C:\\dev\\Unifiedtransform\\vendor\\symfony\\console\\Application.php(140): Symfony\\Component\\Console\\Application->doRun(Object(Symfony\\Component\\Console\\Input\\ArgvInput), Object(Symfony\\Component\\Console\\Output\\ConsoleOutput))
#21 C:\\dev\\Unifiedtransform\\vendor\\laravel\\framework\\src\\Illuminate\\Console\\Application.php(93): Symfony\\Component\\Console\\Application->run(Object(Symfony\\Component\\Console\\Input\\ArgvInput), Object(Symfony\\Component\\Console\\Output\\ConsoleOutput))
#22 C:\\dev\\Unifiedtransform\\vendor\\laravel\\framework\\src\\Illuminate\\Foundation\\Console\\Kernel.php(129): Illuminate\\Console\\Application->run(Object(Symfony\\Component\\Console\\Input\\ArgvInput), Object(Symfony\\Component\\Console\\Output\\ConsoleOutput))
#23 C:\\dev\\Unifiedtransform\\artisan(37): Illuminate\\Foundation\\Console\\Kernel->handle(Object(Symfony\\Component\\Console\\Input\\ArgvInput), Object(Symfony\\Component\\Console\\Output\\ConsoleOutput))
#24 {main}

[previous exception] [object] (Doctrine\\DBAL\\Driver\\PDOException(code: 0): could not find driver at C:\\dev\\Unifiedtransform\\vendor\\doctrine\\dbal\\lib\\Doctrine\\DBAL\\Driver\\PDOConnection.php:31)
[stacktrace]
#0 C:\\dev\\Unifiedtransform\\vendor\\laravel\\framework\\src\\Illuminate\\Database\\Connectors\\Connector.php(67): Doctrine\\DBAL\\Driver\\PDOConnection->__construct('mysql:host=127....', 'root', 'wow0sm', Array)
#1 C:\\dev\\Unifiedtransform\\vendor\\laravel\\framework\\src\\Illuminate\\Database\\Connectors\\Connector.php(46): Illuminate\\Database\\Connectors\\Connector->createPdoConnection('mysql:host=127....', 'root', 'wow0sm', Array)
#2 C:\\dev\\Unifiedtransform\\vendor\\laravel\\framework\\src\\Illuminate\\Database\\Connectors\\MySqlConnector.php(24): Illuminate\\Database\\Connectors\\Connector->createConnection('mysql:host=127....', Array, Array)
#3 C:\\dev\\Unifiedtransform\\vendor\\laravel\\framework\\src\\Illuminate\\Database\\Connectors\\ConnectionFactory.php(182): Illuminate\\Database\\Connectors\\MySqlConnector->connect(Array)
#4 [internal function]: Illuminate\\Database\\Connectors\\ConnectionFactory->Illuminate\\Database\\Connectors\\{closure}()
#5 C:\\dev\\Unifiedtransform\\vendor\\laravel\\framework\\src\\Illuminate\\Database\\Connection.php(926): call_user_func(Object(Closure))
#6 C:\\dev\\Unifiedtransform\\vendor\\laravel\\framework\\src\\Illuminate\\Database\\Connection.php(961): Illuminate\\Database\\Connection->getPdo()
#7 C:\\dev\\Unifiedtransform\\vendor\\laravel\\framework\\src\\Illuminate\\Database\\Connection.php(405): Illuminate\\Database\\Connection->getReadPdo()
#8 C:\\dev\\Unifiedtransform\\vendor\\laravel\\framework\\src\\Illuminate\\Database\\Connection.php(331): Illuminate\\Database\\Connection->getPdoForSelect(true)
#9 C:\\dev\\Unifiedtransform\\vendor\\laravel\\framework\\src\\Illuminate\\Database\\Connection.php(664): Illuminate\\Database\\Connection->Illuminate\\Database\\{closure}('select * from i...', Array)
#10 C:\\dev\\Unifiedtransform\\vendor\\laravel\\framework\\src\\Illuminate\\Database\\Connection.php(631): Illuminate\\Database\\Connection->runQueryCallback('select * from i...', Array, Object(Closure))
#11 C:\\dev\\Unifiedtransform\\vendor\\laravel\\framework\\src\\Illuminate\\Database\\Connection.php(339): Illuminate\\Database\\Connection->run('select * from i...', Array, Object(Closure))
#12 C:\\dev\\Unifiedtransform\\vendor\\laravel\\framework\\src\\Illuminate\\Database\\Schema\\MySqlBuilder.php(18): Illuminate\\Database\\Connection->select('select * from i...', Array)
#13 C:\\dev\\Unifiedtransform\\vendor\\laravel\\framework\\src\\Illuminate\\Database\\Migrations\\DatabaseMigrationRepository.php(169): Illuminate\\Database\\Schema\\MySqlBuilder->hasTable('migrations')
#14 C:\\dev\\Unifiedtransform\\vendor\\laravel\\framework\\src\\Illuminate\\Database\\Migrations\\Migrator.php(608): Illuminate\\Database\\Migrations\\DatabaseMigrationRepository->repositoryExists()
#15 C:\\dev\\Unifiedtransform\\vendor\\laravel\\framework\\src\\Illuminate\\Database\\Console\\Migrations\\MigrateCommand.php(93): Illuminate\\Database\\Migrations\\Migrator->repositoryExists()
#16 C:\\dev\\Unifiedtransform\\vendor\\laravel\\framework\\src\\Illuminate\\Database\\Console\\Migrations\\MigrateCommand.php(64): Illuminate\\Database\\Console\\Migrations\\MigrateCommand->prepareDatabase()
#17 C:\\dev\\Unifiedtransform\\vendor\\laravel\\framework\\src\\Illuminate\\Database\\Migrations\\Migrator.php(541): Illuminate\\Database\\Console\\Migrations\\MigrateCommand->Illuminate\\Database\\Console\\Migrations\\{closure}()
#18 C:\\dev\\Unifiedtransform\\vendor\\laravel\\framework\\src\\Illuminate\\Database\\Console\\Migrations\\MigrateCommand.php(81): Illuminate\\Database\\Migrations\\Migrator->usingConnection(NULL, Object(Closure))
#19 [internal function]: Illuminate\\Database\\Console\\Migrations\\MigrateCommand->handle()
#20 C:\\dev\\Unifiedtransform\\vendor\\laravel\\framework\\src\\Illuminate\\Container\\BoundMethod.php(33): call_user_func_array(Array, Array)
#21 C:\\dev\\Unifiedtransform\\vendor\\laravel\\framework\\src\\Illuminate\\Container\\Util.php(36): Illuminate\\Container\\BoundMethod::Illuminate\\Container\\{closure}()
#22 C:\\dev\\Unifiedtransform\\vendor\\laravel\\framework\\src\\Illuminate\\Container\\BoundMethod.php(91): Illuminate\\Container\\Util::unwrapIfClosure(Object(Closure))
#23 C:\\dev\\Unifiedtransform\\vendor\\laravel\\framework\\src\\Illuminate\\Container\\BoundMethod.php(35): Illuminate\\Container\\BoundMethod::callBoundMethod(Object(Illuminate\\Foundation\\Application), Array, Object(Closure))
#24 C:\\dev\\Unifiedtransform\\vendor\\laravel\\framework\\src\\Illuminate\\Container\\Container.php(592): Illuminate\\Container\\BoundMethod::call(Object(Illuminate\\Foundation\\Application), Array, Array, NULL)
#25 C:\\dev\\Unifiedtransform\\vendor\\laravel\\framework\\src\\Illuminate\\Console\\Command.php(134): Illuminate\\Container\\Container->call(Array)
#26 C:\\dev\\Unifiedtransform\\vendor\\symfony\\console\\Command\\Command.php(255): Illuminate\\Console\\Command->execute(Object(Symfony\\Component\\Console\\Input\\ArgvInput), Object(Illuminate\\Console\\OutputStyle))
#27 C:\\dev\\Unifiedtransform\\vendor\\laravel\\framework\\src\\Illuminate\\Console\\Command.php(121): Symfony\\Component\\Console\\Command\\Command->run(Object(Symfony\\Component\\Console\\Input\\ArgvInput), Object(Illuminate\\Console\\OutputStyle))
#28 C:\\dev\\Unifiedtransform\\vendor\\symfony\\console\\Application.php(912): Illuminate\\Console\\Command->run(Object(Symfony\\Component\\Console\\Input\\ArgvInput), Object(Symfony\\Component\\Console\\Output\\ConsoleOutput))
#29 C:\\dev\\Unifiedtransform\\vendor\\symfony\\console\\Application.php(264): Symfony\\Component\\Console\\Application->doRunCommand(Object(Illuminate\\Database\\Console\\Migrations\\MigrateCommand), Object(Symfony\\Component\\Console\\Input\\ArgvInput), Object(Symfony\\Component\\Console\\Output\\ConsoleOutput))
#30 C:\\dev\\Unifiedtransform\\vendor\\symfony\\console\\Application.php(140): Symfony\\Component\\Console\\Application->doRun(Object(Symfony\\Component\\Console\\Input\\ArgvInput), Object(Symfony\\Component\\Console\\Output\\ConsoleOutput))
#31 C:\\dev\\Unifiedtransform\\vendor\\laravel\\framework\\src\\Illuminate\\Console\\Application.php(93): Symfony\\Component\\Console\\Application->run(Object(Symfony\\Component\\Console\\Input\\ArgvInput), Object(Symfony\\Component\\Console\\Output\\ConsoleOutput))
#32 C:\\dev\\Unifiedtransform\\vendor\\laravel\\framework\\src\\Illuminate\\Foundation\\Console\\Kernel.php(129): Illuminate\\Console\\Application->run(Object(Symfony\\Component\\Console\\Input\\ArgvInput), Object(Symfony\\Component\\Console\\Output\\ConsoleOutput))
#33 C:\\dev\\Unifiedtransform\\artisan(37): Illuminate\\Foundation\\Console\\Kernel->handle(Object(Symfony\\Component\\Console\\Input\\ArgvInput), Object(Symfony\\Component\\Console\\Output\\ConsoleOutput))
#34 {main}

[previous exception] [object] (PDOException(code: 0): could not find driver at C:\\dev\\Unifiedtransform\\vendor\\doctrine\\dbal\\lib\\Doctrine\\DBAL\\Driver\\PDOConnection.php:27)
[stacktrace]
#0 C:\\dev\\Unifiedtransform\\vendor\\doctrine\\dbal\\lib\\Doctrine\\DBAL\\Driver\\PDOConnection.php(27): PDO->__construct('mysql:host=127....', 'root', 'wow0sm', Array)
#1 C:\\dev\\Unifiedtransform\\vendor\\laravel\\framework\\src\\Illuminate\\Database\\Connectors\\Connector.php(67): Doctrine\\DBAL\\Driver\\PDOConnection->__construct('mysql:host=127....', 'root', 'wow0sm', Array)
#2 C:\\dev\\Unifiedtransform\\vendor\\laravel\\framework\\src\\Illuminate\\Database\\Connectors\\Connector.php(46): Illuminate\\Database\\Connectors\\Connector->createPdoConnection('mysql:host=127....', 'root', 'wow0sm', Array)
#3 C:\\dev\\Unifiedtransform\\vendor\\laravel\\framework\\src\\Illuminate\\Database\\Connectors\\MySqlConnector.php(24): Illuminate\\Database\\Connectors\\Connector->createConnection('mysql:host=127....', Array, Array)
#4 C:\\dev\\Unifiedtransform\\vendor\\laravel\\framework\\src\\Illuminate\\Database\\Connectors\\ConnectionFactory.php(182): Illuminate\\Database\\Connectors\\MySqlConnector->connect(Array)
#5 [internal function]: Illuminate\\Database\\Connectors\\ConnectionFactory->Illuminate\\Database\\Connectors\\{closure}()
#6 C:\\dev\\Unifiedtransform\\vendor\\laravel\\framework\\src\\Illuminate\\Database\\Connection.php(926): call_user_func(Object(Closure))
#7 C:\\dev\\Unifiedtransform\\vendor\\laravel\\framework\\src\\Illuminate\\Database\\Connection.php(961): Illuminate\\Database\\Connection->getPdo()
#8 C:\\dev\\Unifiedtransform\\vendor\\laravel\\framework\\src\\Illuminate\\Database\\Connection.php(405): Illuminate\\Database\\Connection->getReadPdo()
#9 C:\\dev\\Unifiedtransform\\vendor\\laravel\\framework\\src\\Illuminate\\Database\\Connection.php(331): Illuminate\\Database\\Connection->getPdoForSelect(true)
#10 C:\\dev\\Unifiedtransform\\vendor\\laravel\\framework\\src\\Illuminate\\Database\\Connection.php(664): Illuminate\\Database\\Connection->Illuminate\\Database\\{closure}('select * from i...', Array)
#11 C:\\dev\\Unifiedtransform\\vendor\\laravel\\framework\\src\\Illuminate\\Database\\Connection.php(631): Illuminate\\Database\\Connection->runQueryCallback('select * from i...', Array, Object(Closure))
#12 C:\\dev\\Unifiedtransform\\vendor\\laravel\\framework\\src\\Illuminate\\Database\\Connection.php(339): Illuminate\\Database\\Connection->run('select * from i...', Array, Object(Closure))
#13 C:\\dev\\Unifiedtransform\\vendor\\laravel\\framework\\src\\Illuminate\\Database\\Schema\\MySqlBuilder.php(18): Illuminate\\Database\\Connection->select('select * from i...', Array)
#14 C:\\dev\\Unifiedtransform\\vendor\\laravel\\framework\\src\\Illuminate\\Database\\Migrations\\DatabaseMigrationRepository.php(169): Illuminate\\Database\\Schema\\MySqlBuilder->hasTable('migrations')
#15 C:\\dev\\Unifiedtransform\\vendor\\laravel\\framework\\src\\Illuminate\\Database\\Migrations\\Migrator.php(608): Illuminate\\Database\\Migrations\\DatabaseMigrationRepository->repositoryExists()
#16 C:\\dev\\Unifiedtransform\\vendor\\laravel\\framework\\src\\Illuminate\\Database\\Console\\Migrations\\MigrateCommand.php(93): Illuminate\\Database\\Migrations\\Migrator->repositoryExists()
#17 C:\\dev\\Unifiedtransform\\vendor\\laravel\\framework\\src\\Illuminate\\Database\\Console\\Migrations\\MigrateCommand.php(64): Illuminate\\Database\\Console\\Migrations\\MigrateCommand->prepareDatabase()
#18 C:\\dev\\Unifiedtransform\\vendor\\laravel\\framework\\src\\Illuminate\\Database\\Migrations\\Migrator.php(541): Illuminate\\Database\\Console\\Migrations\\MigrateCommand->Illuminate\\Database\\Console\\Migrations\\{closure}()
#19 C:\\dev\\Unifiedtransform\\vendor\\laravel\\framework\\src\\Illuminate\\Database\\Console\\Migrations\\MigrateCommand.php(81): Illuminate\\Database\\Migrations\\Migrator->usingConnection(NULL, Object(Closure))
#20 [internal function]: Illuminate\\Database\\Console\\Migrations\\MigrateCommand->handle()
#21 C:\\dev\\Unifiedtransform\\vendor\\laravel\\framework\\src\\Illuminate\\Container\\BoundMethod.php(33): call_user_func_array(Array, Array)
#22 C:\\dev\\Unifiedtransform\\vendor\\laravel\\framework\\src\\Illuminate\\Container\\Util.php(36): Illuminate\\Container\\BoundMethod::Illuminate\\Container\\{closure}()
#23 C:\\dev\\Unifiedtransform\\vendor\\laravel\\framework\\src\\Illuminate\\Container\\BoundMethod.php(91): Illuminate\\Container\\Util::unwrapIfClosure(Object(Closure))
#24 C:\\dev\\Unifiedtransform\\vendor\\laravel\\framework\\src\\Illuminate\\Container\\BoundMethod.php(35): Illuminate\\Container\\BoundMethod::callBoundMethod(Object(Illuminate\\Foundation\\Application), Array, Object(Closure))
#25 C:\\dev\\Unifiedtransform\\vendor\\laravel\\framework\\src\\Illuminate\\Container\\Container.php(592): Illuminate\\Container\\BoundMethod::call(Object(Illuminate\\Foundation\\Application), Array, Array, NULL)
#26 C:\\dev\\Unifiedtransform\\vendor\\laravel\\framework\\src\\Illuminate\\Console\\Command.php(134): Illuminate\\Container\\Container->call(Array)
#27 C:\\dev\\Unifiedtransform\\vendor\\symfony\\console\\Command\\Command.php(255): Illuminate\\Console\\Command->execute(Object(Symfony\\Component\\Console\\Input\\ArgvInput), Object(Illuminate\\Console\\OutputStyle))
#28 C:\\dev\\Unifiedtransform\\vendor\\laravel\\framework\\src\\Illuminate\\Console\\Command.php(121): Symfony\\Component\\Console\\Command\\Command->run(Object(Symfony\\Component\\Console\\Input\\ArgvInput), Object(Illuminate\\Console\\OutputStyle))
#29 C:\\dev\\Unifiedtransform\\vendor\\symfony\\console\\Application.php(912): Illuminate\\Console\\Command->run(Object(Symfony\\Component\\Console\\Input\\ArgvInput), Object(Symfony\\Component\\Console\\Output\\ConsoleOutput))
#30 C:\\dev\\Unifiedtransform\\vendor\\symfony\\console\\Application.php(264): Symfony\\Component\\Console\\Application->doRunCommand(Object(Illuminate\\Database\\Console\\Migrations\\MigrateCommand), Object(Symfony\\Component\\Console\\Input\\ArgvInput), Object(Symfony\\Component\\Console\\Output\\ConsoleOutput))
#31 C:\\dev\\Unifiedtransform\\vendor\\symfony\\console\\Application.php(140): Symfony\\Component\\Console\\Application->doRun(Object(Symfony\\Component\\Console\\Input\\ArgvInput), Object(Symfony\\Component\\Console\\Output\\ConsoleOutput))
#32 C:\\dev\\Unifiedtransform\\vendor\\laravel\\framework\\src\\Illuminate\\Console\\Application.php(93): Symfony\\Component\\Console\\Application->run(Object(Symfony\\Component\\Console\\Input\\ArgvInput), Object(Symfony\\Component\\Console\\Output\\ConsoleOutput))
#33 C:\\dev\\Unifiedtransform\\vendor\\laravel\\framework\\src\\Illuminate\\Foundation\\Console\\Kernel.php(129): Illuminate\\Console\\Application->run(Object(Symfony\\Component\\Console\\Input\\ArgvInput), Object(Symfony\\Component\\Console\\Output\\ConsoleOutput))
#34 C:\\dev\\Unifiedtransform\\artisan(37): Illuminate\\Foundation\\Console\\Kernel->handle(Object(Symfony\\Component\\Console\\Input\\ArgvInput), Object(Symfony\\Component\\Console\\Output\\ConsoleOutput))
#35 {main}
"} 
[2020-05-28 21:54:52] laravel.EMERGENCY: Unable to create configured logger. Using emergency logger. {"exception":"[object] (InvalidArgumentException(code: 0): Log [] is not defined. at C:\\dev\\Unifiedtransform\\vendor\\laravel\\framework\\src\\Illuminate\\Log\\LogManager.php:192)
[stacktrace]
#0 C:\\dev\\Unifiedtransform\\vendor\\laravel\\framework\\src\\Illuminate\\Log\\LogManager.php(118): Illuminate\\Log\\LogManager->resolve(NULL)
#1 C:\\dev\\Unifiedtransform\\vendor\\laravel\\framework\\src\\Illuminate\\Log\\LogManager.php(98): Illuminate\\Log\\LogManager->get(NULL)
#2 C:\\dev\\Unifiedtransform\\vendor\\laravel\\framework\\src\\Illuminate\\Log\\LogManager.php(547): Illuminate\\Log\\LogManager->driver()
#3 C:\\dev\\Unifiedtransform\\vendor\\laravel\\framework\\src\\Illuminate\\Foundation\\Exceptions\\Handler.php(122): Illuminate\\Log\\LogManager->error('could not find ...', Array)
#4 C:\\dev\\Unifiedtransform\\app\\Exceptions\\Handler.php(39): Illuminate\\Foundation\\Exceptions\\Handler->report(Object(Illuminate\\Database\\QueryException))
#5 C:\\dev\\Unifiedtransform\\vendor\
unomaduro\\collision\\src\\Adapters\\Laravel\\ExceptionHandler.php(57): App\\Exceptions\\Handler->report(Object(Illuminate\\Database\\QueryException))
#6 C:\\dev\\Unifiedtransform\\vendor\\laravel\\framework\\src\\Illuminate\\Foundation\\Console\\Kernel.php(366): NunoMaduro\\Collision\\Adapters\\Laravel\\ExceptionHandler->report(Object(Illuminate\\Database\\QueryException))
#7 C:\\dev\\Unifiedtransform\\vendor\\laravel\\framework\\src\\Illuminate\\Foundation\\Console\\Kernel.php(131): Illuminate\\Foundation\\Console\\Kernel->reportException(Object(Illuminate\\Database\\QueryException))
#8 C:\\dev\\Unifiedtransform\\artisan(37): Illuminate\\Foundation\\Console\\Kernel->handle(Object(Symfony\\Component\\Console\\Input\\ArgvInput), Object(Symfony\\Component\\Console\\Output\\ConsoleOutput))
#9 {main}
"} 
[2020-05-28 21:54:52] laravel.ERROR: could not find driver (SQL: select * from information_schema.tables where table_schema = unifiedtransform and table_name = migrations and table_type = 'BASE TABLE') {"exception":"[object] (Illuminate\\Database\\QueryException(code: 0): could not find driver (SQL: select * from information_schema.tables where table_schema = unifiedtransform and table_name = migrations and table_type = 'BASE TABLE') at C:\\dev\\Unifiedtransform\\vendor\\laravel\\framework\\src\\Illuminate\\Database\\Connection.php:671)
[stacktrace]
#0 C:\\dev\\Unifiedtransform\\vendor\\laravel\\framework\\src\\Illuminate\\Database\\Connection.php(631): Illuminate\\Database\\Connection->runQueryCallback('select * from i...', Array, Object(Closure))
#1 C:\\dev\\Unifiedtransform\\vendor\\laravel\\framework\\src\\Illuminate\\Database\\Connection.php(339): Illuminate\\Database\\Connection->run('select * from i...', Array, Object(Closure))
#2 C:\\dev\\Unifiedtransform\\vendor\\laravel\\framework\\src\\Illuminate\\Database\\Schema\\MySqlBuilder.php(18): Illuminate\\Database\\Connection->select('select * from i...', Array)
#3 C:\\dev\\Unifiedtransform\\vendor\\laravel\\framework\\src\\Illuminate\\Database\\Migrations\\DatabaseMigrationRepository.php(169): Illuminate\\Database\\Schema\\MySqlBuilder->hasTable('migrations')
#4 C:\\dev\\Unifiedtransform\\vendor\\laravel\\framework\\src\\Illuminate\\Database\\Migrations\\Migrator.php(608): Illuminate\\Database\\Migrations\\DatabaseMigrationRepository->repositoryExists()
#5 C:\\dev\\Unifiedtransform\\vendor\\laravel\\framework\\src\\Illuminate\\Database\\Console\\Migrations\\MigrateCommand.php(93): Illuminate\\Database\\Migrations\\Migrator->repositoryExists()
#6 C:\\dev\\Unifiedtransform\\vendor\\laravel\\framework\\src\\Illuminate\\Database\\Console\\Migrations\\MigrateCommand.php(64): Illuminate\\Database\\Console\\Migrations\\MigrateCommand->prepareDatabase()
#7 C:\\dev\\Unifiedtransform\\vendor\\laravel\\framework\\src\\Illuminate\\Database\\Migrations\\Migrator.php(541): Illuminate\\Database\\Console\\Migrations\\MigrateCommand->Illuminate\\Database\\Console\\Migrations\\{closure}()
#8 C:\\dev\\Unifiedtransform\\vendor\\laravel\\framework\\src\\Illuminate\\Database\\Console\\Migrations\\MigrateCommand.php(81): Illuminate\\Database\\Migrations\\Migrator->usingConnection(NULL, Object(Closure))
#9 [internal function]: Illuminate\\Database\\Console\\Migrations\\MigrateCommand->handle()
#10 C:\\dev\\Unifiedtransform\\vendor\\laravel\\framework\\src\\Illuminate\\Container\\BoundMethod.php(33): call_user_func_array(Array, Array)
#11 C:\\dev\\Unifiedtransform\\vendor\\laravel\\framework\\src\\Illuminate\\Container\\Util.php(36): Illuminate\\Container\\BoundMethod::Illuminate\\Container\\{closure}()
#12 C:\\dev\\Unifiedtransform\\vendor\\laravel\\framework\\src\\Illuminate\\Container\\BoundMethod.php(91): Illuminate\\Container\\Util::unwrapIfClosure(Object(Closure))
#13 C:\\dev\\Unifiedtransform\\vendor\\laravel\\framework\\src\\Illuminate\\Container\\BoundMethod.php(35): Illuminate\\Container\\BoundMethod::callBoundMethod(Object(Illuminate\\Foundation\\Application), Array, Object(Closure))
#14 C:\\dev\\Unifiedtransform\\vendor\\laravel\\framework\\src\\Illuminate\\Container\\Container.php(592): Illuminate\\Container\\BoundMethod::call(Object(Illuminate\\Foundation\\Application), Array, Array, NULL)
#15 C:\\dev\\Unifiedtransform\\vendor\\laravel\\framework\\src\\Illuminate\\Console\\Command.php(134): Illuminate\\Container\\Container->call(Array)
#16 C:\\dev\\Unifiedtransform\\vendor\\symfony\\console\\Command\\Command.php(255): Illuminate\\Console\\Command->execute(Object(Symfony\\Component\\Console\\Input\\ArgvInput), Object(Illuminate\\Console\\OutputStyle))
#17 C:\\dev\\Unifiedtransform\\vendor\\laravel\\framework\\src\\Illuminate\\Console\\Command.php(121): Symfony\\Component\\Console\\Command\\Command->run(Object(Symfony\\Component\\Console\\Input\\ArgvInput), Object(Illuminate\\Console\\OutputStyle))
#18 C:\\dev\\Unifiedtransform\\vendor\\symfony\\console\\Application.php(912): Illuminate\\Console\\Command->run(Object(Symfony\\Component\\Console\\Input\\ArgvInput), Object(Symfony\\Component\\Console\\Output\\ConsoleOutput))
#19 C:\\dev\\Unifiedtransform\\vendor\\symfony\\console\\Application.php(264): Symfony\\Component\\Console\\Application->doRunCommand(Object(Illuminate\\Database\\Console\\Migrations\\MigrateCommand), Object(Symfony\\Component\\Console\\Input\\ArgvInput), Object(Symfony\\Component\\Console\\Output\\ConsoleOutput))
#20 C:\\dev\\Unifiedtransform\\vendor\\symfony\\console\\Application.php(140): Symfony\\Component\\Console\\Application->doRun(Object(Symfony\\Component\\Console\\Input\\ArgvInput), Object(Symfony\\Component\\Console\\Output\\ConsoleOutput))
#21 C:\\dev\\Unifiedtransform\\vendor\\laravel\\framework\\src\\Illuminate\\Console\\Application.php(93): Symfony\\Component\\Console\\Application->run(Object(Symfony\\Component\\Console\\Input\\ArgvInput), Object(Symfony\\Component\\Console\\Output\\ConsoleOutput))
#22 C:\\dev\\Unifiedtransform\\vendor\\laravel\\framework\\src\\Illuminate\\Foundation\\Console\\Kernel.php(129): Illuminate\\Console\\Application->run(Object(Symfony\\Component\\Console\\Input\\ArgvInput), Object(Symfony\\Component\\Console\\Output\\ConsoleOutput))
#23 C:\\dev\\Unifiedtransform\\artisan(37): Illuminate\\Foundation\\Console\\Kernel->handle(Object(Symfony\\Component\\Console\\Input\\ArgvInput), Object(Symfony\\Component\\Console\\Output\\ConsoleOutput))
#24 {main}

[previous exception] [object] (Doctrine\\DBAL\\Driver\\PDOException(code: 0): could not find driver at C:\\dev\\Unifiedtransform\\vendor\\doctrine\\dbal\\lib\\Doctrine\\DBAL\\Driver\\PDOConnection.php:31)
[stacktrace]
#0 C:\\dev\\Unifiedtransform\\vendor\\laravel\\framework\\src\\Illuminate\\Database\\Connectors\\Connector.php(67): Doctrine\\DBAL\\Driver\\PDOConnection->__construct('mysql:host=127....', 'root', 'wow0sm', Array)
#1 C:\\dev\\Unifiedtransform\\vendor\\laravel\\framework\\src\\Illuminate\\Database\\Connectors\\Connector.php(46): Illuminate\\Database\\Connectors\\Connector->createPdoConnection('mysql:host=127....', 'root', 'wow0sm', Array)
#2 C:\\dev\\Unifiedtransform\\vendor\\laravel\\framework\\src\\Illuminate\\Database\\Connectors\\MySqlConnector.php(24): Illuminate\\Database\\Connectors\\Connector->createConnection('mysql:host=127....', Array, Array)
#3 C:\\dev\\Unifiedtransform\\vendor\\laravel\\framework\\src\\Illuminate\\Database\\Connectors\\ConnectionFactory.php(182): Illuminate\\Database\\Connectors\\MySqlConnector->connect(Array)
#4 [internal function]: Illuminate\\Database\\Connectors\\ConnectionFactory->Illuminate\\Database\\Connectors\\{closure}()
#5 C:\\dev\\Unifiedtransform\\vendor\\laravel\\framework\\src\\Illuminate\\Database\\Connection.php(926): call_user_func(Object(Closure))
#6 C:\\dev\\Unifiedtransform\\vendor\\laravel\\framework\\src\\Illuminate\\Database\\Connection.php(961): Illuminate\\Database\\Connection->getPdo()
#7 C:\\dev\\Unifiedtransform\\vendor\\laravel\\framework\\src\\Illuminate\\Database\\Connection.php(405): Illuminate\\Database\\Connection->getReadPdo()
#8 C:\\dev\\Unifiedtransform\\vendor\\laravel\\framework\\src\\Illuminate\\Database\\Connection.php(331): Illuminate\\Database\\Connection->getPdoForSelect(true)
#9 C:\\dev\\Unifiedtransform\\vendor\\laravel\\framework\\src\\Illuminate\\Database\\Connection.php(664): Illuminate\\Database\\Connection->Illuminate\\Database\\{closure}('select * from i...', Array)
#10 C:\\dev\\Unifiedtransform\\vendor\\laravel\\framework\\src\\Illuminate\\Database\\Connection.php(631): Illuminate\\Database\\Connection->runQueryCallback('select * from i...', Array, Object(Closure))
#11 C:\\dev\\Unifiedtransform\\vendor\\laravel\\framework\\src\\Illuminate\\Database\\Connection.php(339): Illuminate\\Database\\Connection->run('select * from i...', Array, Object(Closure))
#12 C:\\dev\\Unifiedtransform\\vendor\\laravel\\framework\\src\\Illuminate\\Database\\Schema\\MySqlBuilder.php(18): Illuminate\\Database\\Connection->select('select * from i...', Array)
#13 C:\\dev\\Unifiedtransform\\vendor\\laravel\\framework\\src\\Illuminate\\Database\\Migrations\\DatabaseMigrationRepository.php(169): Illuminate\\Database\\Schema\\MySqlBuilder->hasTable('migrations')
#14 C:\\dev\\Unifiedtransform\\vendor\\laravel\\framework\\src\\Illuminate\\Database\\Migrations\\Migrator.php(608): Illuminate\\Database\\Migrations\\DatabaseMigrationRepository->repositoryExists()
#15 C:\\dev\\Unifiedtransform\\vendor\\laravel\\framework\\src\\Illuminate\\Database\\Console\\Migrations\\MigrateCommand.php(93): Illuminate\\Database\\Migrations\\Migrator->repositoryExists()
#16 C:\\dev\\Unifiedtransform\\vendor\\laravel\\framework\\src\\Illuminate\\Database\\Console\\Migrations\\MigrateCommand.php(64): Illuminate\\Database\\Console\\Migrations\\MigrateCommand->prepareDatabase()
#17 C:\\dev\\Unifiedtransform\\vendor\\laravel\\framework\\src\\Illuminate\\Database\\Migrations\\Migrator.php(541): Illuminate\\Database\\Console\\Migrations\\MigrateCommand->Illuminate\\Database\\Console\\Migrations\\{closure}()
#18 C:\\dev\\Unifiedtransform\\vendor\\laravel\\framework\\src\\Illuminate\\Database\\Console\\Migrations\\MigrateCommand.php(81): Illuminate\\Database\\Migrations\\Migrator->usingConnection(NULL, Object(Closure))
#19 [internal function]: Illuminate\\Database\\Console\\Migrations\\MigrateCommand->handle()
#20 C:\\dev\\Unifiedtransform\\vendor\\laravel\\framework\\src\\Illuminate\\Container\\BoundMethod.php(33): call_user_func_array(Array, Array)
#21 C:\\dev\\Unifiedtransform\\vendor\\laravel\\framework\\src\\Illuminate\\Container\\Util.php(36): Illuminate\\Container\\BoundMethod::Illuminate\\Container\\{closure}()
#22 C:\\dev\\Unifiedtransform\\vendor\\laravel\\framework\\src\\Illuminate\\Container\\BoundMethod.php(91): Illuminate\\Container\\Util::unwrapIfClosure(Object(Closure))
#23 C:\\dev\\Unifiedtransform\\vendor\\laravel\\framework\\src\\Illuminate\\Container\\BoundMethod.php(35): Illuminate\\Container\\BoundMethod::callBoundMethod(Object(Illuminate\\Foundation\\Application), Array, Object(Closure))
#24 C:\\dev\\Unifiedtransform\\vendor\\laravel\\framework\\src\\Illuminate\\Container\\Container.php(592): Illuminate\\Container\\BoundMethod::call(Object(Illuminate\\Foundation\\Application), Array, Array, NULL)
#25 C:\\dev\\Unifiedtransform\\vendor\\laravel\\framework\\src\\Illuminate\\Console\\Command.php(134): Illuminate\\Container\\Container->call(Array)
#26 C:\\dev\\Unifiedtransform\\vendor\\symfony\\console\\Command\\Command.php(255): Illuminate\\Console\\Command->execute(Object(Symfony\\Component\\Console\\Input\\ArgvInput), Object(Illuminate\\Console\\OutputStyle))
#27 C:\\dev\\Unifiedtransform\\vendor\\laravel\\framework\\src\\Illuminate\\Console\\Command.php(121): Symfony\\Component\\Console\\Command\\Command->run(Object(Symfony\\Component\\Console\\Input\\ArgvInput), Object(Illuminate\\Console\\OutputStyle))
#28 C:\\dev\\Unifiedtransform\\vendor\\symfony\\console\\Application.php(912): Illuminate\\Console\\Command->run(Object(Symfony\\Component\\Console\\Input\\ArgvInput), Object(Symfony\\Component\\Console\\Output\\ConsoleOutput))
#29 C:\\dev\\Unifiedtransform\\vendor\\symfony\\console\\Application.php(264): Symfony\\Component\\Console\\Application->doRunCommand(Object(Illuminate\\Database\\Console\\Migrations\\MigrateCommand), Object(Symfony\\Component\\Console\\Input\\ArgvInput), Object(Symfony\\Component\\Console\\Output\\ConsoleOutput))
#30 C:\\dev\\Unifiedtransform\\vendor\\symfony\\console\\Application.php(140): Symfony\\Component\\Console\\Application->doRun(Object(Symfony\\Component\\Console\\Input\\ArgvInput), Object(Symfony\\Component\\Console\\Output\\ConsoleOutput))
#31 C:\\dev\\Unifiedtransform\\vendor\\laravel\\framework\\src\\Illuminate\\Console\\Application.php(93): Symfony\\Component\\Console\\Application->run(Object(Symfony\\Component\\Console\\Input\\ArgvInput), Object(Symfony\\Component\\Console\\Output\\ConsoleOutput))
#32 C:\\dev\\Unifiedtransform\\vendor\\laravel\\framework\\src\\Illuminate\\Foundation\\Console\\Kernel.php(129): Illuminate\\Console\\Application->run(Object(Symfony\\Component\\Console\\Input\\ArgvInput), Object(Symfony\\Component\\Console\\Output\\ConsoleOutput))
#33 C:\\dev\\Unifiedtransform\\artisan(37): Illuminate\\Foundation\\Console\\Kernel->handle(Object(Symfony\\Component\\Console\\Input\\ArgvInput), Object(Symfony\\Component\\Console\\Output\\ConsoleOutput))
#34 {main}

[previous exception] [object] (PDOException(code: 0): could not find driver at C:\\dev\\Unifiedtransform\\vendor\\doctrine\\dbal\\lib\\Doctrine\\DBAL\\Driver\\PDOConnection.php:27)
[stacktrace]
#0 C:\\dev\\Unifiedtransform\\vendor\\doctrine\\dbal\\lib\\Doctrine\\DBAL\\Driver\\PDOConnection.php(27): PDO->__construct('mysql:host=127....', 'root', 'wow0sm', Array)
#1 C:\\dev\\Unifiedtransform\\vendor\\laravel\\framework\\src\\Illuminate\\Database\\Connectors\\Connector.php(67): Doctrine\\DBAL\\Driver\\PDOConnection->__construct('mysql:host=127....', 'root', 'wow0sm', Array)
#2 C:\\dev\\Unifiedtransform\\vendor\\laravel\\framework\\src\\Illuminate\\Database\\Connectors\\Connector.php(46): Illuminate\\Database\\Connectors\\Connector->createPdoConnection('mysql:host=127....', 'root', 'wow0sm', Array)
#3 C:\\dev\\Unifiedtransform\\vendor\\laravel\\framework\\src\\Illuminate\\Database\\Connectors\\MySqlConnector.php(24): Illuminate\\Database\\Connectors\\Connector->createConnection('mysql:host=127....', Array, Array)
#4 C:\\dev\\Unifiedtransform\\vendor\\laravel\\framework\\src\\Illuminate\\Database\\Connectors\\ConnectionFactory.php(182): Illuminate\\Database\\Connectors\\MySqlConnector->connect(Array)
#5 [internal function]: Illuminate\\Database\\Connectors\\ConnectionFactory->Illuminate\\Database\\Connectors\\{closure}()
#6 C:\\dev\\Unifiedtransform\\vendor\\laravel\\framework\\src\\Illuminate\\Database\\Connection.php(926): call_user_func(Object(Closure))
#7 C:\\dev\\Unifiedtransform\\vendor\\laravel\\framework\\src\\Illuminate\\Database\\Connection.php(961): Illuminate\\Database\\Connection->getPdo()
#8 C:\\dev\\Unifiedtransform\\vendor\\laravel\\framework\\src\\Illuminate\\Database\\Connection.php(405): Illuminate\\Database\\Connection->getReadPdo()
#9 C:\\dev\\Unifiedtransform\\vendor\\laravel\\framework\\src\\Illuminate\\Database\\Connection.php(331): Illuminate\\Database\\Connection->getPdoForSelect(true)
#10 C:\\dev\\Unifiedtransform\\vendor\\laravel\\framework\\src\\Illuminate\\Database\\Connection.php(664): Illuminate\\Database\\Connection->Illuminate\\Database\\{closure}('select * from i...', Array)
#11 C:\\dev\\Unifiedtransform\\vendor\\laravel\\framework\\src\\Illuminate\\Database\\Connection.php(631): Illuminate\\Database\\Connection->runQueryCallback('select * from i...', Array, Object(Closure))
#12 C:\\dev\\Unifiedtransform\\vendor\\laravel\\framework\\src\\Illuminate\\Database\\Connection.php(339): Illuminate\\Database\\Connection->run('select * from i...', Array, Object(Closure))
#13 C:\\dev\\Unifiedtransform\\vendor\\laravel\\framework\\src\\Illuminate\\Database\\Schema\\MySqlBuilder.php(18): Illuminate\\Database\\Connection->select('select * from i...', Array)
#14 C:\\dev\\Unifiedtransform\\vendor\\laravel\\framework\\src\\Illuminate\\Database\\Migrations\\DatabaseMigrationRepository.php(169): Illuminate\\Database\\Schema\\MySqlBuilder->hasTable('migrations')
#15 C:\\dev\\Unifiedtransform\\vendor\\laravel\\framework\\src\\Illuminate\\Database\\Migrations\\Migrator.php(608): Illuminate\\Database\\Migrations\\DatabaseMigrationRepository->repositoryExists()
#16 C:\\dev\\Unifiedtransform\\vendor\\laravel\\framework\\src\\Illuminate\\Database\\Console\\Migrations\\MigrateCommand.php(93): Illuminate\\Database\\Migrations\\Migrator->repositoryExists()
#17 C:\\dev\\Unifiedtransform\\vendor\\laravel\\framework\\src\\Illuminate\\Database\\Console\\Migrations\\MigrateCommand.php(64): Illuminate\\Database\\Console\\Migrations\\MigrateCommand->prepareDatabase()
#18 C:\\dev\\Unifiedtransform\\vendor\\laravel\\framework\\src\\Illuminate\\Database\\Migrations\\Migrator.php(541): Illuminate\\Database\\Console\\Migrations\\MigrateCommand->Illuminate\\Database\\Console\\Migrations\\{closure}()
#19 C:\\dev\\Unifiedtransform\\vendor\\laravel\\framework\\src\\Illuminate\\Database\\Console\\Migrations\\MigrateCommand.php(81): Illuminate\\Database\\Migrations\\Migrator->usingConnection(NULL, Object(Closure))
#20 [internal function]: Illuminate\\Database\\Console\\Migrations\\MigrateCommand->handle()
#21 C:\\dev\\Unifiedtransform\\vendor\\laravel\\framework\\src\\Illuminate\\Container\\BoundMethod.php(33): call_user_func_array(Array, Array)
#22 C:\\dev\\Unifiedtransform\\vendor\\laravel\\framework\\src\\Illuminate\\Container\\Util.php(36): Illuminate\\Container\\BoundMethod::Illuminate\\Container\\{closure}()
#23 C:\\dev\\Unifiedtransform\\vendor\\laravel\\framework\\src\\Illuminate\\Container\\BoundMethod.php(91): Illuminate\\Container\\Util::unwrapIfClosure(Object(Closure))
#24 C:\\dev\\Unifiedtransform\\vendor\\laravel\\framework\\src\\Illuminate\\Container\\BoundMethod.php(35): Illuminate\\Container\\BoundMethod::callBoundMethod(Object(Illuminate\\Foundation\\Application), Array, Object(Closure))
#25 C:\\dev\\Unifiedtransform\\vendor\\laravel\\framework\\src\\Illuminate\\Container\\Container.php(592): Illuminate\\Container\\BoundMethod::call(Object(Illuminate\\Foundation\\Application), Array, Array, NULL)
#26 C:\\dev\\Unifiedtransform\\vendor\\laravel\\framework\\src\\Illuminate\\Console\\Command.php(134): Illuminate\\Container\\Container->call(Array)
#27 C:\\dev\\Unifiedtransform\\vendor\\symfony\\console\\Command\\Command.php(255): Illuminate\\Console\\Command->execute(Object(Symfony\\Component\\Console\\Input\\ArgvInput), Object(Illuminate\\Console\\OutputStyle))
#28 C:\\dev\\Unifiedtransform\\vendor\\laravel\\framework\\src\\Illuminate\\Console\\Command.php(121): Symfony\\Component\\Console\\Command\\Command->run(Object(Symfony\\Component\\Console\\Input\\ArgvInput), Object(Illuminate\\Console\\OutputStyle))
#29 C:\\dev\\Unifiedtransform\\vendor\\symfony\\console\\Application.php(912): Illuminate\\Console\\Command->run(Object(Symfony\\Component\\Console\\Input\\ArgvInput), Object(Symfony\\Component\\Console\\Output\\ConsoleOutput))
#30 C:\\dev\\Unifiedtransform\\vendor\\symfony\\console\\Application.php(264): Symfony\\Component\\Console\\Application->doRunCommand(Object(Illuminate\\Database\\Console\\Migrations\\MigrateCommand), Object(Symfony\\Component\\Console\\Input\\ArgvInput), Object(Symfony\\Component\\Console\\Output\\ConsoleOutput))
#31 C:\\dev\\Unifiedtransform\\vendor\\symfony\\console\\Application.php(140): Symfony\\Component\\Console\\Application->doRun(Object(Symfony\\Component\\Console\\Input\\ArgvInput), Object(Symfony\\Component\\Console\\Output\\ConsoleOutput))
#32 C:\\dev\\Unifiedtransform\\vendor\\laravel\\framework\\src\\Illuminate\\Console\\Application.php(93): Symfony\\Component\\Console\\Application->run(Object(Symfony\\Component\\Console\\Input\\ArgvInput), Object(Symfony\\Component\\Console\\Output\\ConsoleOutput))
#33 C:\\dev\\Unifiedtransform\\vendor\\laravel\\framework\\src\\Illuminate\\Foundation\\Console\\Kernel.php(129): Illuminate\\Console\\Application->run(Object(Symfony\\Component\\Console\\Input\\ArgvInput), Object(Symfony\\Component\\Console\\Output\\ConsoleOutput))
#34 C:\\dev\\Unifiedtransform\\artisan(37): Illuminate\\Foundation\\Console\\Kernel->handle(Object(Symfony\\Component\\Console\\Input\\ArgvInput), Object(Symfony\\Component\\Console\\Output\\ConsoleOutput))
#35 {main}
"} 
[2020-05-28 21:56:48] laravel.EMERGENCY: Unable to create configured logger. Using emergency logger. {"exception":"[object] (InvalidArgumentException(code: 0): Log [] is not defined. at C:\\dev\\Unifiedtransform\\vendor\\laravel\\framework\\src\\Illuminate\\Log\\LogManager.php:192)
[stacktrace]
#0 C:\\dev\\Unifiedtransform\\vendor\\laravel\\framework\\src\\Illuminate\\Log\\LogManager.php(118): Illuminate\\Log\\LogManager->resolve(NULL)
#1 C:\\dev\\Unifiedtransform\\vendor\\laravel\\framework\\src\\Illuminate\\Log\\LogManager.php(98): Illuminate\\Log\\LogManager->get(NULL)
#2 C:\\dev\\Unifiedtransform\\vendor\\laravel\\framework\\src\\Illuminate\\Log\\LogManager.php(547): Illuminate\\Log\\LogManager->driver()
#3 C:\\dev\\Unifiedtransform\\vendor\\laravel\\framework\\src\\Illuminate\\Foundation\\Exceptions\\Handler.php(122): Illuminate\\Log\\LogManager->error('could not find ...', Array)
#4 C:\\dev\\Unifiedtransform\\app\\Exceptions\\Handler.php(39): Illuminate\\Foundation\\Exceptions\\Handler->report(Object(Illuminate\\Database\\QueryException))
#5 C:\\dev\\Unifiedtransform\\vendor\
unomaduro\\collision\\src\\Adapters\\Laravel\\ExceptionHandler.php(57): App\\Exceptions\\Handler->report(Object(Illuminate\\Database\\QueryException))
#6 C:\\dev\\Unifiedtransform\\vendor\\laravel\\framework\\src\\Illuminate\\Foundation\\Console\\Kernel.php(366): NunoMaduro\\Collision\\Adapters\\Laravel\\ExceptionHandler->report(Object(Illuminate\\Database\\QueryException))
#7 C:\\dev\\Unifiedtransform\\vendor\\laravel\\framework\\src\\Illuminate\\Foundation\\Console\\Kernel.php(131): Illuminate\\Foundation\\Console\\Kernel->reportException(Object(Illuminate\\Database\\QueryException))
#8 C:\\dev\\Unifiedtransform\\artisan(37): Illuminate\\Foundation\\Console\\Kernel->handle(Object(Symfony\\Component\\Console\\Input\\ArgvInput), Object(Symfony\\Component\\Console\\Output\\ConsoleOutput))
#9 {main}
"} 
[2020-05-28 21:56:48] laravel.ERROR: could not find driver (SQL: select * from information_schema.tables where table_schema = unifiedtransform and table_name = migrations and table_type = 'BASE TABLE') {"exception":"[object] (Illuminate\\Database\\QueryException(code: 0): could not find driver (SQL: select * from information_schema.tables where table_schema = unifiedtransform and table_name = migrations and table_type = 'BASE TABLE') at C:\\dev\\Unifiedtransform\\vendor\\laravel\\framework\\src\\Illuminate\\Database\\Connection.php:671)
[stacktrace]
#0 C:\\dev\\Unifiedtransform\\vendor\\laravel\\framework\\src\\Illuminate\\Database\\Connection.php(631): Illuminate\\Database\\Connection->runQueryCallback('select * from i...', Array, Object(Closure))
#1 C:\\dev\\Unifiedtransform\\vendor\\laravel\\framework\\src\\Illuminate\\Database\\Connection.php(339): Illuminate\\Database\\Connection->run('select * from i...', Array, Object(Closure))
#2 C:\\dev\\Unifiedtransform\\vendor\\laravel\\framework\\src\\Illuminate\\Database\\Schema\\MySqlBuilder.php(18): Illuminate\\Database\\Connection->select('select * from i...', Array)
#3 C:\\dev\\Unifiedtransform\\vendor\\laravel\\framework\\src\\Illuminate\\Database\\Migrations\\DatabaseMigrationRepository.php(169): Illuminate\\Database\\Schema\\MySqlBuilder->hasTable('migrations')
#4 C:\\dev\\Unifiedtransform\\vendor\\laravel\\framework\\src\\Illuminate\\Database\\Migrations\\Migrator.php(608): Illuminate\\Database\\Migrations\\DatabaseMigrationRepository->repositoryExists()
#5 C:\\dev\\Unifiedtransform\\vendor\\laravel\\framework\\src\\Illuminate\\Database\\Console\\Migrations\\MigrateCommand.php(93): Illuminate\\Database\\Migrations\\Migrator->repositoryExists()
#6 C:\\dev\\Unifiedtransform\\vendor\\laravel\\framework\\src\\Illuminate\\Database\\Console\\Migrations\\MigrateCommand.php(64): Illuminate\\Database\\Console\\Migrations\\MigrateCommand->prepareDatabase()
#7 C:\\dev\\Unifiedtransform\\vendor\\laravel\\framework\\src\\Illuminate\\Database\\Migrations\\Migrator.php(541): Illuminate\\Database\\Console\\Migrations\\MigrateCommand->Illuminate\\Database\\Console\\Migrations\\{closure}()
#8 C:\\dev\\Unifiedtransform\\vendor\\laravel\\framework\\src\\Illuminate\\Database\\Console\\Migrations\\MigrateCommand.php(81): Illuminate\\Database\\Migrations\\Migrator->usingConnection(NULL, Object(Closure))
#9 [internal function]: Illuminate\\Database\\Console\\Migrations\\MigrateCommand->handle()
#10 C:\\dev\\Unifiedtransform\\vendor\\laravel\\framework\\src\\Illuminate\\Container\\BoundMethod.php(33): call_user_func_array(Array, Array)
#11 C:\\dev\\Unifiedtransform\\vendor\\laravel\\framework\\src\\Illuminate\\Container\\Util.php(36): Illuminate\\Container\\BoundMethod::Illuminate\\Container\\{closure}()
#12 C:\\dev\\Unifiedtransform\\vendor\\laravel\\framework\\src\\Illuminate\\Container\\BoundMethod.php(91): Illuminate\\Container\\Util::unwrapIfClosure(Object(Closure))
#13 C:\\dev\\Unifiedtransform\\vendor\\laravel\\framework\\src\\Illuminate\\Container\\BoundMethod.php(35): Illuminate\\Container\\BoundMethod::callBoundMethod(Object(Illuminate\\Foundation\\Application), Array, Object(Closure))
#14 C:\\dev\\Unifiedtransform\\vendor\\laravel\\framework\\src\\Illuminate\\Container\\Container.php(592): Illuminate\\Container\\BoundMethod::call(Object(Illuminate\\Foundation\\Application), Array, Array, NULL)
#15 C:\\dev\\Unifiedtransform\\vendor\\laravel\\framework\\src\\Illuminate\\Console\\Command.php(134): Illuminate\\Container\\Container->call(Array)
#16 C:\\dev\\Unifiedtransform\\vendor\\symfony\\console\\Command\\Command.php(255): Illuminate\\Console\\Command->execute(Object(Symfony\\Component\\Console\\Input\\ArgvInput), Object(Illuminate\\Console\\OutputStyle))
#17 C:\\dev\\Unifiedtransform\\vendor\\laravel\\framework\\src\\Illuminate\\Console\\Command.php(121): Symfony\\Component\\Console\\Command\\Command->run(Object(Symfony\\Component\\Console\\Input\\ArgvInput), Object(Illuminate\\Console\\OutputStyle))
#18 C:\\dev\\Unifiedtransform\\vendor\\symfony\\console\\Application.php(912): Illuminate\\Console\\Command->run(Object(Symfony\\Component\\Console\\Input\\ArgvInput), Object(Symfony\\Component\\Console\\Output\\ConsoleOutput))
#19 C:\\dev\\Unifiedtransform\\vendor\\symfony\\console\\Application.php(264): Symfony\\Component\\Console\\Application->doRunCommand(Object(Illuminate\\Database\\Console\\Migrations\\MigrateCommand), Object(Symfony\\Component\\Console\\Input\\ArgvInput), Object(Symfony\\Component\\Console\\Output\\ConsoleOutput))
#20 C:\\dev\\Unifiedtransform\\vendor\\symfony\\console\\Application.php(140): Symfony\\Component\\Console\\Application->doRun(Object(Symfony\\Component\\Console\\Input\\ArgvInput), Object(Symfony\\Component\\Console\\Output\\ConsoleOutput))
#21 C:\\dev\\Unifiedtransform\\vendor\\laravel\\framework\\src\\Illuminate\\Console\\Application.php(93): Symfony\\Component\\Console\\Application->run(Object(Symfony\\Component\\Console\\Input\\ArgvInput), Object(Symfony\\Component\\Console\\Output\\ConsoleOutput))
#22 C:\\dev\\Unifiedtransform\\vendor\\laravel\\framework\\src\\Illuminate\\Foundation\\Console\\Kernel.php(129): Illuminate\\Console\\Application->run(Object(Symfony\\Component\\Console\\Input\\ArgvInput), Object(Symfony\\Component\\Console\\Output\\ConsoleOutput))
#23 C:\\dev\\Unifiedtransform\\artisan(37): Illuminate\\Foundation\\Console\\Kernel->handle(Object(Symfony\\Component\\Console\\Input\\ArgvInput), Object(Symfony\\Component\\Console\\Output\\ConsoleOutput))
#24 {main}

[previous exception] [object] (Doctrine\\DBAL\\Driver\\PDOException(code: 0): could not find driver at C:\\dev\\Unifiedtransform\\vendor\\doctrine\\dbal\\lib\\Doctrine\\DBAL\\Driver\\PDOConnection.php:31)
[stacktrace]
#0 C:\\dev\\Unifiedtransform\\vendor\\laravel\\framework\\src\\Illuminate\\Database\\Connectors\\Connector.php(67): Doctrine\\DBAL\\Driver\\PDOConnection->__construct('mysql:host=127....', 'root', 'wow0sm', Array)
#1 C:\\dev\\Unifiedtransform\\vendor\\laravel\\framework\\src\\Illuminate\\Database\\Connectors\\Connector.php(46): Illuminate\\Database\\Connectors\\Connector->createPdoConnection('mysql:host=127....', 'root', 'wow0sm', Array)
#2 C:\\dev\\Unifiedtransform\\vendor\\laravel\\framework\\src\\Illuminate\\Database\\Connectors\\MySqlConnector.php(24): Illuminate\\Database\\Connectors\\Connector->createConnection('mysql:host=127....', Array, Array)
#3 C:\\dev\\Unifiedtransform\\vendor\\laravel\\framework\\src\\Illuminate\\Database\\Connectors\\ConnectionFactory.php(182): Illuminate\\Database\\Connectors\\MySqlConnector->connect(Array)
#4 [internal function]: Illuminate\\Database\\Connectors\\ConnectionFactory->Illuminate\\Database\\Connectors\\{closure}()
#5 C:\\dev\\Unifiedtransform\\vendor\\laravel\\framework\\src\\Illuminate\\Database\\Connection.php(926): call_user_func(Object(Closure))
#6 C:\\dev\\Unifiedtransform\\vendor\\laravel\\framework\\src\\Illuminate\\Database\\Connection.php(961): Illuminate\\Database\\Connection->getPdo()
#7 C:\\dev\\Unifiedtransform\\vendor\\laravel\\framework\\src\\Illuminate\\Database\\Connection.php(405): Illuminate\\Database\\Connection->getReadPdo()
#8 C:\\dev\\Unifiedtransform\\vendor\\laravel\\framework\\src\\Illuminate\\Database\\Connection.php(331): Illuminate\\Database\\Connection->getPdoForSelect(true)
#9 C:\\dev\\Unifiedtransform\\vendor\\laravel\\framework\\src\\Illuminate\\Database\\Connection.php(664): Illuminate\\Database\\Connection->Illuminate\\Database\\{closure}('select * from i...', Array)
#10 C:\\dev\\Unifiedtransform\\vendor\\laravel\\framework\\src\\Illuminate\\Database\\Connection.php(631): Illuminate\\Database\\Connection->runQueryCallback('select * from i...', Array, Object(Closure))
#11 C:\\dev\\Unifiedtransform\\vendor\\laravel\\framework\\src\\Illuminate\\Database\\Connection.php(339): Illuminate\\Database\\Connection->run('select * from i...', Array, Object(Closure))
#12 C:\\dev\\Unifiedtransform\\vendor\\laravel\\framework\\src\\Illuminate\\Database\\Schema\\MySqlBuilder.php(18): Illuminate\\Database\\Connection->select('select * from i...', Array)
#13 C:\\dev\\Unifiedtransform\\vendor\\laravel\\framework\\src\\Illuminate\\Database\\Migrations\\DatabaseMigrationRepository.php(169): Illuminate\\Database\\Schema\\MySqlBuilder->hasTable('migrations')
#14 C:\\dev\\Unifiedtransform\\vendor\\laravel\\framework\\src\\Illuminate\\Database\\Migrations\\Migrator.php(608): Illuminate\\Database\\Migrations\\DatabaseMigrationRepository->repositoryExists()
#15 C:\\dev\\Unifiedtransform\\vendor\\laravel\\framework\\src\\Illuminate\\Database\\Console\\Migrations\\MigrateCommand.php(93): Illuminate\\Database\\Migrations\\Migrator->repositoryExists()
#16 C:\\dev\\Unifiedtransform\\vendor\\laravel\\framework\\src\\Illuminate\\Database\\Console\\Migrations\\MigrateCommand.php(64): Illuminate\\Database\\Console\\Migrations\\MigrateCommand->prepareDatabase()
#17 C:\\dev\\Unifiedtransform\\vendor\\laravel\\framework\\src\\Illuminate\\Database\\Migrations\\Migrator.php(541): Illuminate\\Database\\Console\\Migrations\\MigrateCommand->Illuminate\\Database\\Console\\Migrations\\{closure}()
#18 C:\\dev\\Unifiedtransform\\vendor\\laravel\\framework\\src\\Illuminate\\Database\\Console\\Migrations\\MigrateCommand.php(81): Illuminate\\Database\\Migrations\\Migrator->usingConnection(NULL, Object(Closure))
#19 [internal function]: Illuminate\\Database\\Console\\Migrations\\MigrateCommand->handle()
#20 C:\\dev\\Unifiedtransform\\vendor\\laravel\\framework\\src\\Illuminate\\Container\\BoundMethod.php(33): call_user_func_array(Array, Array)
#21 C:\\dev\\Unifiedtransform\\vendor\\laravel\\framework\\src\\Illuminate\\Container\\Util.php(36): Illuminate\\Container\\BoundMethod::Illuminate\\Container\\{closure}()
#22 C:\\dev\\Unifiedtransform\\vendor\\laravel\\framework\\src\\Illuminate\\Container\\BoundMethod.php(91): Illuminate\\Container\\Util::unwrapIfClosure(Object(Closure))
#23 C:\\dev\\Unifiedtransform\\vendor\\laravel\\framework\\src\\Illuminate\\Container\\BoundMethod.php(35): Illuminate\\Container\\BoundMethod::callBoundMethod(Object(Illuminate\\Foundation\\Application), Array, Object(Closure))
#24 C:\\dev\\Unifiedtransform\\vendor\\laravel\\framework\\src\\Illuminate\\Container\\Container.php(592): Illuminate\\Container\\BoundMethod::call(Object(Illuminate\\Foundation\\Application), Array, Array, NULL)
#25 C:\\dev\\Unifiedtransform\\vendor\\laravel\\framework\\src\\Illuminate\\Console\\Command.php(134): Illuminate\\Container\\Container->call(Array)
#26 C:\\dev\\Unifiedtransform\\vendor\\symfony\\console\\Command\\Command.php(255): Illuminate\\Console\\Command->execute(Object(Symfony\\Component\\Console\\Input\\ArgvInput), Object(Illuminate\\Console\\OutputStyle))
#27 C:\\dev\\Unifiedtransform\\vendor\\laravel\\framework\\src\\Illuminate\\Console\\Command.php(121): Symfony\\Component\\Console\\Command\\Command->run(Object(Symfony\\Component\\Console\\Input\\ArgvInput), Object(Illuminate\\Console\\OutputStyle))
#28 C:\\dev\\Unifiedtransform\\vendor\\symfony\\console\\Application.php(912): Illuminate\\Console\\Command->run(Object(Symfony\\Component\\Console\\Input\\ArgvInput), Object(Symfony\\Component\\Console\\Output\\ConsoleOutput))
#29 C:\\dev\\Unifiedtransform\\vendor\\symfony\\console\\Application.php(264): Symfony\\Component\\Console\\Application->doRunCommand(Object(Illuminate\\Database\\Console\\Migrations\\MigrateCommand), Object(Symfony\\Component\\Console\\Input\\ArgvInput), Object(Symfony\\Component\\Console\\Output\\ConsoleOutput))
#30 C:\\dev\\Unifiedtransform\\vendor\\symfony\\console\\Application.php(140): Symfony\\Component\\Console\\Application->doRun(Object(Symfony\\Component\\Console\\Input\\ArgvInput), Object(Symfony\\Component\\Console\\Output\\ConsoleOutput))
#31 C:\\dev\\Unifiedtransform\\vendor\\laravel\\framework\\src\\Illuminate\\Console\\Application.php(93): Symfony\\Component\\Console\\Application->run(Object(Symfony\\Component\\Console\\Input\\ArgvInput), Object(Symfony\\Component\\Console\\Output\\ConsoleOutput))
#32 C:\\dev\\Unifiedtransform\\vendor\\laravel\\framework\\src\\Illuminate\\Foundation\\Console\\Kernel.php(129): Illuminate\\Console\\Application->run(Object(Symfony\\Component\\Console\\Input\\ArgvInput), Object(Symfony\\Component\\Console\\Output\\ConsoleOutput))
#33 C:\\dev\\Unifiedtransform\\artisan(37): Illuminate\\Foundation\\Console\\Kernel->handle(Object(Symfony\\Component\\Console\\Input\\ArgvInput), Object(Symfony\\Component\\Console\\Output\\ConsoleOutput))
#34 {main}

[previous exception] [object] (PDOException(code: 0): could not find driver at C:\\dev\\Unifiedtransform\\vendor\\doctrine\\dbal\\lib\\Doctrine\\DBAL\\Driver\\PDOConnection.php:27)
[stacktrace]
#0 C:\\dev\\Unifiedtransform\\vendor\\doctrine\\dbal\\lib\\Doctrine\\DBAL\\Driver\\PDOConnection.php(27): PDO->__construct('mysql:host=127....', 'root', 'wow0sm', Array)
#1 C:\\dev\\Unifiedtransform\\vendor\\laravel\\framework\\src\\Illuminate\\Database\\Connectors\\Connector.php(67): Doctrine\\DBAL\\Driver\\PDOConnection->__construct('mysql:host=127....', 'root', 'wow0sm', Array)
#2 C:\\dev\\Unifiedtransform\\vendor\\laravel\\framework\\src\\Illuminate\\Database\\Connectors\\Connector.php(46): Illuminate\\Database\\Connectors\\Connector->createPdoConnection('mysql:host=127....', 'root', 'wow0sm', Array)
#3 C:\\dev\\Unifiedtransform\\vendor\\laravel\\framework\\src\\Illuminate\\Database\\Connectors\\MySqlConnector.php(24): Illuminate\\Database\\Connectors\\Connector->createConnection('mysql:host=127....', Array, Array)
#4 C:\\dev\\Unifiedtransform\\vendor\\laravel\\framework\\src\\Illuminate\\Database\\Connectors\\ConnectionFactory.php(182): Illuminate\\Database\\Connectors\\MySqlConnector->connect(Array)
#5 [internal function]: Illuminate\\Database\\Connectors\\ConnectionFactory->Illuminate\\Database\\Connectors\\{closure}()
#6 C:\\dev\\Unifiedtransform\\vendor\\laravel\\framework\\src\\Illuminate\\Database\\Connection.php(926): call_user_func(Object(Closure))
#7 C:\\dev\\Unifiedtransform\\vendor\\laravel\\framework\\src\\Illuminate\\Database\\Connection.php(961): Illuminate\\Database\\Connection->getPdo()
#8 C:\\dev\\Unifiedtransform\\vendor\\laravel\\framework\\src\\Illuminate\\Database\\Connection.php(405): Illuminate\\Database\\Connection->getReadPdo()
#9 C:\\dev\\Unifiedtransform\\vendor\\laravel\\framework\\src\\Illuminate\\Database\\Connection.php(331): Illuminate\\Database\\Connection->getPdoForSelect(true)
#10 C:\\dev\\Unifiedtransform\\vendor\\laravel\\framework\\src\\Illuminate\\Database\\Connection.php(664): Illuminate\\Database\\Connection->Illuminate\\Database\\{closure}('select * from i...', Array)
#11 C:\\dev\\Unifiedtransform\\vendor\\laravel\\framework\\src\\Illuminate\\Database\\Connection.php(631): Illuminate\\Database\\Connection->runQueryCallback('select * from i...', Array, Object(Closure))
#12 C:\\dev\\Unifiedtransform\\vendor\\laravel\\framework\\src\\Illuminate\\Database\\Connection.php(339): Illuminate\\Database\\Connection->run('select * from i...', Array, Object(Closure))
#13 C:\\dev\\Unifiedtransform\\vendor\\laravel\\framework\\src\\Illuminate\\Database\\Schema\\MySqlBuilder.php(18): Illuminate\\Database\\Connection->select('select * from i...', Array)
#14 C:\\dev\\Unifiedtransform\\vendor\\laravel\\framework\\src\\Illuminate\\Database\\Migrations\\DatabaseMigrationRepository.php(169): Illuminate\\Database\\Schema\\MySqlBuilder->hasTable('migrations')
#15 C:\\dev\\Unifiedtransform\\vendor\\laravel\\framework\\src\\Illuminate\\Database\\Migrations\\Migrator.php(608): Illuminate\\Database\\Migrations\\DatabaseMigrationRepository->repositoryExists()
#16 C:\\dev\\Unifiedtransform\\vendor\\laravel\\framework\\src\\Illuminate\\Database\\Console\\Migrations\\MigrateCommand.php(93): Illuminate\\Database\\Migrations\\Migrator->repositoryExists()
#17 C:\\dev\\Unifiedtransform\\vendor\\laravel\\framework\\src\\Illuminate\\Database\\Console\\Migrations\\MigrateCommand.php(64): Illuminate\\Database\\Console\\Migrations\\MigrateCommand->prepareDatabase()
#18 C:\\dev\\Unifiedtransform\\vendor\\laravel\\framework\\src\\Illuminate\\Database\\Migrations\\Migrator.php(541): Illuminate\\Database\\Console\\Migrations\\MigrateCommand->Illuminate\\Database\\Console\\Migrations\\{closure}()
#19 C:\\dev\\Unifiedtransform\\vendor\\laravel\\framework\\src\\Illuminate\\Database\\Console\\Migrations\\MigrateCommand.php(81): Illuminate\\Database\\Migrations\\Migrator->usingConnection(NULL, Object(Closure))
#20 [internal function]: Illuminate\\Database\\Console\\Migrations\\MigrateCommand->handle()
#21 C:\\dev\\Unifiedtransform\\vendor\\laravel\\framework\\src\\Illuminate\\Container\\BoundMethod.php(33): call_user_func_array(Array, Array)
#22 C:\\dev\\Unifiedtransform\\vendor\\laravel\\framework\\src\\Illuminate\\Container\\Util.php(36): Illuminate\\Container\\BoundMethod::Illuminate\\Container\\{closure}()
#23 C:\\dev\\Unifiedtransform\\vendor\\laravel\\framework\\src\\Illuminate\\Container\\BoundMethod.php(91): Illuminate\\Container\\Util::unwrapIfClosure(Object(Closure))
#24 C:\\dev\\Unifiedtransform\\vendor\\laravel\\framework\\src\\Illuminate\\Container\\BoundMethod.php(35): Illuminate\\Container\\BoundMethod::callBoundMethod(Object(Illuminate\\Foundation\\Application), Array, Object(Closure))
#25 C:\\dev\\Unifiedtransform\\vendor\\laravel\\framework\\src\\Illuminate\\Container\\Container.php(592): Illuminate\\Container\\BoundMethod::call(Object(Illuminate\\Foundation\\Application), Array, Array, NULL)
#26 C:\\dev\\Unifiedtransform\\vendor\\laravel\\framework\\src\\Illuminate\\Console\\Command.php(134): Illuminate\\Container\\Container->call(Array)
#27 C:\\dev\\Unifiedtransform\\vendor\\symfony\\console\\Command\\Command.php(255): Illuminate\\Console\\Command->execute(Object(Symfony\\Component\\Console\\Input\\ArgvInput), Object(Illuminate\\Console\\OutputStyle))
#28 C:\\dev\\Unifiedtransform\\vendor\\laravel\\framework\\src\\Illuminate\\Console\\Command.php(121): Symfony\\Component\\Console\\Command\\Command->run(Object(Symfony\\Component\\Console\\Input\\ArgvInput), Object(Illuminate\\Console\\OutputStyle))
#29 C:\\dev\\Unifiedtransform\\vendor\\symfony\\console\\Application.php(912): Illuminate\\Console\\Command->run(Object(Symfony\\Component\\Console\\Input\\ArgvInput), Object(Symfony\\Component\\Console\\Output\\ConsoleOutput))
#30 C:\\dev\\Unifiedtransform\\vendor\\symfony\\console\\Application.php(264): Symfony\\Component\\Console\\Application->doRunCommand(Object(Illuminate\\Database\\Console\\Migrations\\MigrateCommand), Object(Symfony\\Component\\Console\\Input\\ArgvInput), Object(Symfony\\Component\\Console\\Output\\ConsoleOutput))
#31 C:\\dev\\Unifiedtransform\\vendor\\symfony\\console\\Application.php(140): Symfony\\Component\\Console\\Application->doRun(Object(Symfony\\Component\\Console\\Input\\ArgvInput), Object(Symfony\\Component\\Console\\Output\\ConsoleOutput))
#32 C:\\dev\\Unifiedtransform\\vendor\\laravel\\framework\\src\\Illuminate\\Console\\Application.php(93): Symfony\\Component\\Console\\Application->run(Object(Symfony\\Component\\Console\\Input\\ArgvInput), Object(Symfony\\Component\\Console\\Output\\ConsoleOutput))
#33 C:\\dev\\Unifiedtransform\\vendor\\laravel\\framework\\src\\Illuminate\\Foundation\\Console\\Kernel.php(129): Illuminate\\Console\\Application->run(Object(Symfony\\Component\\Console\\Input\\ArgvInput), Object(Symfony\\Component\\Console\\Output\\ConsoleOutput))
#34 C:\\dev\\Unifiedtransform\\artisan(37): Illuminate\\Foundation\\Console\\Kernel->handle(Object(Symfony\\Component\\Console\\Input\\ArgvInput), Object(Symfony\\Component\\Console\\Output\\ConsoleOutput))
#35 {main}
"} 
[2020-05-28 21:57:42] laravel.EMERGENCY: Unable to create configured logger. Using emergency logger. {"exception":"[object] (InvalidArgumentException(code: 0): Log [] is not defined. at C:\\dev\\Unifiedtransform\\vendor\\laravel\\framework\\src\\Illuminate\\Log\\LogManager.php:192)
[stacktrace]
#0 C:\\dev\\Unifiedtransform\\vendor\\laravel\\framework\\src\\Illuminate\\Log\\LogManager.php(118): Illuminate\\Log\\LogManager->resolve(NULL)
#1 C:\\dev\\Unifiedtransform\\vendor\\laravel\\framework\\src\\Illuminate\\Log\\LogManager.php(98): Illuminate\\Log\\LogManager->get(NULL)
#2 C:\\dev\\Unifiedtransform\\vendor\\laravel\\framework\\src\\Illuminate\\Log\\LogManager.php(547): Illuminate\\Log\\LogManager->driver()
#3 C:\\dev\\Unifiedtransform\\vendor\\laravel\\framework\\src\\Illuminate\\Foundation\\Exceptions\\Handler.php(122): Illuminate\\Log\\LogManager->error('could not find ...', Array)
#4 C:\\dev\\Unifiedtransform\\app\\Exceptions\\Handler.php(39): Illuminate\\Foundation\\Exceptions\\Handler->report(Object(Illuminate\\Database\\QueryException))
#5 C:\\dev\\Unifiedtransform\\vendor\
unomaduro\\collision\\src\\Adapters\\Laravel\\ExceptionHandler.php(57): App\\Exceptions\\Handler->report(Object(Illuminate\\Database\\QueryException))
#6 C:\\dev\\Unifiedtransform\\vendor\\laravel\\framework\\src\\Illuminate\\Foundation\\Console\\Kernel.php(366): NunoMaduro\\Collision\\Adapters\\Laravel\\ExceptionHandler->report(Object(Illuminate\\Database\\QueryException))
#7 C:\\dev\\Unifiedtransform\\vendor\\laravel\\framework\\src\\Illuminate\\Foundation\\Console\\Kernel.php(131): Illuminate\\Foundation\\Console\\Kernel->reportException(Object(Illuminate\\Database\\QueryException))
#8 C:\\dev\\Unifiedtransform\\artisan(37): Illuminate\\Foundation\\Console\\Kernel->handle(Object(Symfony\\Component\\Console\\Input\\ArgvInput), Object(Symfony\\Component\\Console\\Output\\ConsoleOutput))
#9 {main}
"} 
[2020-05-28 21:57:42] laravel.ERROR: could not find driver (SQL: select * from information_schema.tables where table_schema = unifiedtransform and table_name = migrations and table_type = 'BASE TABLE') {"exception":"[object] (Illuminate\\Database\\QueryException(code: 0): could not find driver (SQL: select * from information_schema.tables where table_schema = unifiedtransform and table_name = migrations and table_type = 'BASE TABLE') at C:\\dev\\Unifiedtransform\\vendor\\laravel\\framework\\src\\Illuminate\\Database\\Connection.php:671)
[stacktrace]
#0 C:\\dev\\Unifiedtransform\\vendor\\laravel\\framework\\src\\Illuminate\\Database\\Connection.php(631): Illuminate\\Database\\Connection->runQueryCallback('select * from i...', Array, Object(Closure))
#1 C:\\dev\\Unifiedtransform\\vendor\\laravel\\framework\\src\\Illuminate\\Database\\Connection.php(339): Illuminate\\Database\\Connection->run('select * from i...', Array, Object(Closure))
#2 C:\\dev\\Unifiedtransform\\vendor\\laravel\\framework\\src\\Illuminate\\Database\\Schema\\MySqlBuilder.php(18): Illuminate\\Database\\Connection->select('select * from i...', Array)
#3 C:\\dev\\Unifiedtransform\\vendor\\laravel\\framework\\src\\Illuminate\\Database\\Migrations\\DatabaseMigrationRepository.php(169): Illuminate\\Database\\Schema\\MySqlBuilder->hasTable('migrations')
#4 C:\\dev\\Unifiedtransform\\vendor\\laravel\\framework\\src\\Illuminate\\Database\\Migrations\\Migrator.php(608): Illuminate\\Database\\Migrations\\DatabaseMigrationRepository->repositoryExists()
#5 C:\\dev\\Unifiedtransform\\vendor\\laravel\\framework\\src\\Illuminate\\Database\\Console\\Migrations\\MigrateCommand.php(93): Illuminate\\Database\\Migrations\\Migrator->repositoryExists()
#6 C:\\dev\\Unifiedtransform\\vendor\\laravel\\framework\\src\\Illuminate\\Database\\Console\\Migrations\\MigrateCommand.php(64): Illuminate\\Database\\Console\\Migrations\\MigrateCommand->prepareDatabase()
#7 C:\\dev\\Unifiedtransform\\vendor\\laravel\\framework\\src\\Illuminate\\Database\\Migrations\\Migrator.php(541): Illuminate\\Database\\Console\\Migrations\\MigrateCommand->Illuminate\\Database\\Console\\Migrations\\{closure}()
#8 C:\\dev\\Unifiedtransform\\vendor\\laravel\\framework\\src\\Illuminate\\Database\\Console\\Migrations\\MigrateCommand.php(81): Illuminate\\Database\\Migrations\\Migrator->usingConnection(NULL, Object(Closure))
#9 [internal function]: Illuminate\\Database\\Console\\Migrations\\MigrateCommand->handle()
#10 C:\\dev\\Unifiedtransform\\vendor\\laravel\\framework\\src\\Illuminate\\Container\\BoundMethod.php(33): call_user_func_array(Array, Array)
#11 C:\\dev\\Unifiedtransform\\vendor\\laravel\\framework\\src\\Illuminate\\Container\\Util.php(36): Illuminate\\Container\\BoundMethod::Illuminate\\Container\\{closure}()
#12 C:\\dev\\Unifiedtransform\\vendor\\laravel\\framework\\src\\Illuminate\\Container\\BoundMethod.php(91): Illuminate\\Container\\Util::unwrapIfClosure(Object(Closure))
#13 C:\\dev\\Unifiedtransform\\vendor\\laravel\\framework\\src\\Illuminate\\Container\\BoundMethod.php(35): Illuminate\\Container\\BoundMethod::callBoundMethod(Object(Illuminate\\Foundation\\Application), Array, Object(Closure))
#14 C:\\dev\\Unifiedtransform\\vendor\\laravel\\framework\\src\\Illuminate\\Container\\Container.php(592): Illuminate\\Container\\BoundMethod::call(Object(Illuminate\\Foundation\\Application), Array, Array, NULL)
#15 C:\\dev\\Unifiedtransform\\vendor\\laravel\\framework\\src\\Illuminate\\Console\\Command.php(134): Illuminate\\Container\\Container->call(Array)
#16 C:\\dev\\Unifiedtransform\\vendor\\symfony\\console\\Command\\Command.php(255): Illuminate\\Console\\Command->execute(Object(Symfony\\Component\\Console\\Input\\ArgvInput), Object(Illuminate\\Console\\OutputStyle))
#17 C:\\dev\\Unifiedtransform\\vendor\\laravel\\framework\\src\\Illuminate\\Console\\Command.php(121): Symfony\\Component\\Console\\Command\\Command->run(Object(Symfony\\Component\\Console\\Input\\ArgvInput), Object(Illuminate\\Console\\OutputStyle))
#18 C:\\dev\\Unifiedtransform\\vendor\\symfony\\console\\Application.php(912): Illuminate\\Console\\Command->run(Object(Symfony\\Component\\Console\\Input\\ArgvInput), Object(Symfony\\Component\\Console\\Output\\ConsoleOutput))
#19 C:\\dev\\Unifiedtransform\\vendor\\symfony\\console\\Application.php(264): Symfony\\Component\\Console\\Application->doRunCommand(Object(Illuminate\\Database\\Console\\Migrations\\MigrateCommand), Object(Symfony\\Component\\Console\\Input\\ArgvInput), Object(Symfony\\Component\\Console\\Output\\ConsoleOutput))
#20 C:\\dev\\Unifiedtransform\\vendor\\symfony\\console\\Application.php(140): Symfony\\Component\\Console\\Application->doRun(Object(Symfony\\Component\\Console\\Input\\ArgvInput), Object(Symfony\\Component\\Console\\Output\\ConsoleOutput))
#21 C:\\dev\\Unifiedtransform\\vendor\\laravel\\framework\\src\\Illuminate\\Console\\Application.php(93): Symfony\\Component\\Console\\Application->run(Object(Symfony\\Component\\Console\\Input\\ArgvInput), Object(Symfony\\Component\\Console\\Output\\ConsoleOutput))
#22 C:\\dev\\Unifiedtransform\\vendor\\laravel\\framework\\src\\Illuminate\\Foundation\\Console\\Kernel.php(129): Illuminate\\Console\\Application->run(Object(Symfony\\Component\\Console\\Input\\ArgvInput), Object(Symfony\\Component\\Console\\Output\\ConsoleOutput))
#23 C:\\dev\\Unifiedtransform\\artisan(37): Illuminate\\Foundation\\Console\\Kernel->handle(Object(Symfony\\Component\\Console\\Input\\ArgvInput), Object(Symfony\\Component\\Console\\Output\\ConsoleOutput))
#24 {main}

[previous exception] [object] (Doctrine\\DBAL\\Driver\\PDOException(code: 0): could not find driver at C:\\dev\\Unifiedtransform\\vendor\\doctrine\\dbal\\lib\\Doctrine\\DBAL\\Driver\\PDOConnection.php:31)
[stacktrace]
#0 C:\\dev\\Unifiedtransform\\vendor\\laravel\\framework\\src\\Illuminate\\Database\\Connectors\\Connector.php(67): Doctrine\\DBAL\\Driver\\PDOConnection->__construct('mysql:host=127....', 'root', 'wow0sm', Array)
#1 C:\\dev\\Unifiedtransform\\vendor\\laravel\\framework\\src\\Illuminate\\Database\\Connectors\\Connector.php(46): Illuminate\\Database\\Connectors\\Connector->createPdoConnection('mysql:host=127....', 'root', 'wow0sm', Array)
#2 C:\\dev\\Unifiedtransform\\vendor\\laravel\\framework\\src\\Illuminate\\Database\\Connectors\\MySqlConnector.php(24): Illuminate\\Database\\Connectors\\Connector->createConnection('mysql:host=127....', Array, Array)
#3 C:\\dev\\Unifiedtransform\\vendor\\laravel\\framework\\src\\Illuminate\\Database\\Connectors\\ConnectionFactory.php(182): Illuminate\\Database\\Connectors\\MySqlConnector->connect(Array)
#4 [internal function]: Illuminate\\Database\\Connectors\\ConnectionFactory->Illuminate\\Database\\Connectors\\{closure}()
#5 C:\\dev\\Unifiedtransform\\vendor\\laravel\\framework\\src\\Illuminate\\Database\\Connection.php(926): call_user_func(Object(Closure))
#6 C:\\dev\\Unifiedtransform\\vendor\\laravel\\framework\\src\\Illuminate\\Database\\Connection.php(961): Illuminate\\Database\\Connection->getPdo()
#7 C:\\dev\\Unifiedtransform\\vendor\\laravel\\framework\\src\\Illuminate\\Database\\Connection.php(405): Illuminate\\Database\\Connection->getReadPdo()
#8 C:\\dev\\Unifiedtransform\\vendor\\laravel\\framework\\src\\Illuminate\\Database\\Connection.php(331): Illuminate\\Database\\Connection->getPdoForSelect(true)
#9 C:\\dev\\Unifiedtransform\\vendor\\laravel\\framework\\src\\Illuminate\\Database\\Connection.php(664): Illuminate\\Database\\Connection->Illuminate\\Database\\{closure}('select * from i...', Array)
#10 C:\\dev\\Unifiedtransform\\vendor\\laravel\\framework\\src\\Illuminate\\Database\\Connection.php(631): Illuminate\\Database\\Connection->runQueryCallback('select * from i...', Array, Object(Closure))
#11 C:\\dev\\Unifiedtransform\\vendor\\laravel\\framework\\src\\Illuminate\\Database\\Connection.php(339): Illuminate\\Database\\Connection->run('select * from i...', Array, Object(Closure))
#12 C:\\dev\\Unifiedtransform\\vendor\\laravel\\framework\\src\\Illuminate\\Database\\Schema\\MySqlBuilder.php(18): Illuminate\\Database\\Connection->select('select * from i...', Array)
#13 C:\\dev\\Unifiedtransform\\vendor\\laravel\\framework\\src\\Illuminate\\Database\\Migrations\\DatabaseMigrationRepository.php(169): Illuminate\\Database\\Schema\\MySqlBuilder->hasTable('migrations')
#14 C:\\dev\\Unifiedtransform\\vendor\\laravel\\framework\\src\\Illuminate\\Database\\Migrations\\Migrator.php(608): Illuminate\\Database\\Migrations\\DatabaseMigrationRepository->repositoryExists()
#15 C:\\dev\\Unifiedtransform\\vendor\\laravel\\framework\\src\\Illuminate\\Database\\Console\\Migrations\\MigrateCommand.php(93): Illuminate\\Database\\Migrations\\Migrator->repositoryExists()
#16 C:\\dev\\Unifiedtransform\\vendor\\laravel\\framework\\src\\Illuminate\\Database\\Console\\Migrations\\MigrateCommand.php(64): Illuminate\\Database\\Console\\Migrations\\MigrateCommand->prepareDatabase()
#17 C:\\dev\\Unifiedtransform\\vendor\\laravel\\framework\\src\\Illuminate\\Database\\Migrations\\Migrator.php(541): Illuminate\\Database\\Console\\Migrations\\MigrateCommand->Illuminate\\Database\\Console\\Migrations\\{closure}()
#18 C:\\dev\\Unifiedtransform\\vendor\\laravel\\framework\\src\\Illuminate\\Database\\Console\\Migrations\\MigrateCommand.php(81): Illuminate\\Database\\Migrations\\Migrator->usingConnection(NULL, Object(Closure))
#19 [internal function]: Illuminate\\Database\\Console\\Migrations\\MigrateCommand->handle()
#20 C:\\dev\\Unifiedtransform\\vendor\\laravel\\framework\\src\\Illuminate\\Container\\BoundMethod.php(33): call_user_func_array(Array, Array)
#21 C:\\dev\\Unifiedtransform\\vendor\\laravel\\framework\\src\\Illuminate\\Container\\Util.php(36): Illuminate\\Container\\BoundMethod::Illuminate\\Container\\{closure}()
#22 C:\\dev\\Unifiedtransform\\vendor\\laravel\\framework\\src\\Illuminate\\Container\\BoundMethod.php(91): Illuminate\\Container\\Util::unwrapIfClosure(Object(Closure))
#23 C:\\dev\\Unifiedtransform\\vendor\\laravel\\framework\\src\\Illuminate\\Container\\BoundMethod.php(35): Illuminate\\Container\\BoundMethod::callBoundMethod(Object(Illuminate\\Foundation\\Application), Array, Object(Closure))
#24 C:\\dev\\Unifiedtransform\\vendor\\laravel\\framework\\src\\Illuminate\\Container\\Container.php(592): Illuminate\\Container\\BoundMethod::call(Object(Illuminate\\Foundation\\Application), Array, Array, NULL)
#25 C:\\dev\\Unifiedtransform\\vendor\\laravel\\framework\\src\\Illuminate\\Console\\Command.php(134): Illuminate\\Container\\Container->call(Array)
#26 C:\\dev\\Unifiedtransform\\vendor\\symfony\\console\\Command\\Command.php(255): Illuminate\\Console\\Command->execute(Object(Symfony\\Component\\Console\\Input\\ArgvInput), Object(Illuminate\\Console\\OutputStyle))
#27 C:\\dev\\Unifiedtransform\\vendor\\laravel\\framework\\src\\Illuminate\\Console\\Command.php(121): Symfony\\Component\\Console\\Command\\Command->run(Object(Symfony\\Component\\Console\\Input\\ArgvInput), Object(Illuminate\\Console\\OutputStyle))
#28 C:\\dev\\Unifiedtransform\\vendor\\symfony\\console\\Application.php(912): Illuminate\\Console\\Command->run(Object(Symfony\\Component\\Console\\Input\\ArgvInput), Object(Symfony\\Component\\Console\\Output\\ConsoleOutput))
#29 C:\\dev\\Unifiedtransform\\vendor\\symfony\\console\\Application.php(264): Symfony\\Component\\Console\\Application->doRunCommand(Object(Illuminate\\Database\\Console\\Migrations\\MigrateCommand), Object(Symfony\\Component\\Console\\Input\\ArgvInput), Object(Symfony\\Component\\Console\\Output\\ConsoleOutput))
#30 C:\\dev\\Unifiedtransform\\vendor\\symfony\\console\\Application.php(140): Symfony\\Component\\Console\\Application->doRun(Object(Symfony\\Component\\Console\\Input\\ArgvInput), Object(Symfony\\Component\\Console\\Output\\ConsoleOutput))
#31 C:\\dev\\Unifiedtransform\\vendor\\laravel\\framework\\src\\Illuminate\\Console\\Application.php(93): Symfony\\Component\\Console\\Application->run(Object(Symfony\\Component\\Console\\Input\\ArgvInput), Object(Symfony\\Component\\Console\\Output\\ConsoleOutput))
#32 C:\\dev\\Unifiedtransform\\vendor\\laravel\\framework\\src\\Illuminate\\Foundation\\Console\\Kernel.php(129): Illuminate\\Console\\Application->run(Object(Symfony\\Component\\Console\\Input\\ArgvInput), Object(Symfony\\Component\\Console\\Output\\ConsoleOutput))
#33 C:\\dev\\Unifiedtransform\\artisan(37): Illuminate\\Foundation\\Console\\Kernel->handle(Object(Symfony\\Component\\Console\\Input\\ArgvInput), Object(Symfony\\Component\\Console\\Output\\ConsoleOutput))
#34 {main}

[previous exception] [object] (PDOException(code: 0): could not find driver at C:\\dev\\Unifiedtransform\\vendor\\doctrine\\dbal\\lib\\Doctrine\\DBAL\\Driver\\PDOConnection.php:27)
[stacktrace]
#0 C:\\dev\\Unifiedtransform\\vendor\\doctrine\\dbal\\lib\\Doctrine\\DBAL\\Driver\\PDOConnection.php(27): PDO->__construct('mysql:host=127....', 'root', 'wow0sm', Array)
#1 C:\\dev\\Unifiedtransform\\vendor\\laravel\\framework\\src\\Illuminate\\Database\\Connectors\\Connector.php(67): Doctrine\\DBAL\\Driver\\PDOConnection->__construct('mysql:host=127....', 'root', 'wow0sm', Array)
#2 C:\\dev\\Unifiedtransform\\vendor\\laravel\\framework\\src\\Illuminate\\Database\\Connectors\\Connector.php(46): Illuminate\\Database\\Connectors\\Connector->createPdoConnection('mysql:host=127....', 'root', 'wow0sm', Array)
#3 C:\\dev\\Unifiedtransform\\vendor\\laravel\\framework\\src\\Illuminate\\Database\\Connectors\\MySqlConnector.php(24): Illuminate\\Database\\Connectors\\Connector->createConnection('mysql:host=127....', Array, Array)
#4 C:\\dev\\Unifiedtransform\\vendor\\laravel\\framework\\src\\Illuminate\\Database\\Connectors\\ConnectionFactory.php(182): Illuminate\\Database\\Connectors\\MySqlConnector->connect(Array)
#5 [internal function]: Illuminate\\Database\\Connectors\\ConnectionFactory->Illuminate\\Database\\Connectors\\{closure}()
#6 C:\\dev\\Unifiedtransform\\vendor\\laravel\\framework\\src\\Illuminate\\Database\\Connection.php(926): call_user_func(Object(Closure))
#7 C:\\dev\\Unifiedtransform\\vendor\\laravel\\framework\\src\\Illuminate\\Database\\Connection.php(961): Illuminate\\Database\\Connection->getPdo()
#8 C:\\dev\\Unifiedtransform\\vendor\\laravel\\framework\\src\\Illuminate\\Database\\Connection.php(405): Illuminate\\Database\\Connection->getReadPdo()
#9 C:\\dev\\Unifiedtransform\\vendor\\laravel\\framework\\src\\Illuminate\\Database\\Connection.php(331): Illuminate\\Database\\Connection->getPdoForSelect(true)
#10 C:\\dev\\Unifiedtransform\\vendor\\laravel\\framework\\src\\Illuminate\\Database\\Connection.php(664): Illuminate\\Database\\Connection->Illuminate\\Database\\{closure}('select * from i...', Array)
#11 C:\\dev\\Unifiedtransform\\vendor\\laravel\\framework\\src\\Illuminate\\Database\\Connection.php(631): Illuminate\\Database\\Connection->runQueryCallback('select * from i...', Array, Object(Closure))
#12 C:\\dev\\Unifiedtransform\\vendor\\laravel\\framework\\src\\Illuminate\\Database\\Connection.php(339): Illuminate\\Database\\Connection->run('select * from i...', Array, Object(Closure))
#13 C:\\dev\\Unifiedtransform\\vendor\\laravel\\framework\\src\\Illuminate\\Database\\Schema\\MySqlBuilder.php(18): Illuminate\\Database\\Connection->select('select * from i...', Array)
#14 C:\\dev\\Unifiedtransform\\vendor\\laravel\\framework\\src\\Illuminate\\Database\\Migrations\\DatabaseMigrationRepository.php(169): Illuminate\\Database\\Schema\\MySqlBuilder->hasTable('migrations')
#15 C:\\dev\\Unifiedtransform\\vendor\\laravel\\framework\\src\\Illuminate\\Database\\Migrations\\Migrator.php(608): Illuminate\\Database\\Migrations\\DatabaseMigrationRepository->repositoryExists()
#16 C:\\dev\\Unifiedtransform\\vendor\\laravel\\framework\\src\\Illuminate\\Database\\Console\\Migrations\\MigrateCommand.php(93): Illuminate\\Database\\Migrations\\Migrator->repositoryExists()
#17 C:\\dev\\Unifiedtransform\\vendor\\laravel\\framework\\src\\Illuminate\\Database\\Console\\Migrations\\MigrateCommand.php(64): Illuminate\\Database\\Console\\Migrations\\MigrateCommand->prepareDatabase()
#18 C:\\dev\\Unifiedtransform\\vendor\\laravel\\framework\\src\\Illuminate\\Database\\Migrations\\Migrator.php(541): Illuminate\\Database\\Console\\Migrations\\MigrateCommand->Illuminate\\Database\\Console\\Migrations\\{closure}()
#19 C:\\dev\\Unifiedtransform\\vendor\\laravel\\framework\\src\\Illuminate\\Database\\Console\\Migrations\\MigrateCommand.php(81): Illuminate\\Database\\Migrations\\Migrator->usingConnection(NULL, Object(Closure))
#20 [internal function]: Illuminate\\Database\\Console\\Migrations\\MigrateCommand->handle()
#21 C:\\dev\\Unifiedtransform\\vendor\\laravel\\framework\\src\\Illuminate\\Container\\BoundMethod.php(33): call_user_func_array(Array, Array)
#22 C:\\dev\\Unifiedtransform\\vendor\\laravel\\framework\\src\\Illuminate\\Container\\Util.php(36): Illuminate\\Container\\BoundMethod::Illuminate\\Container\\{closure}()
#23 C:\\dev\\Unifiedtransform\\vendor\\laravel\\framework\\src\\Illuminate\\Container\\BoundMethod.php(91): Illuminate\\Container\\Util::unwrapIfClosure(Object(Closure))
#24 C:\\dev\\Unifiedtransform\\vendor\\laravel\\framework\\src\\Illuminate\\Container\\BoundMethod.php(35): Illuminate\\Container\\BoundMethod::callBoundMethod(Object(Illuminate\\Foundation\\Application), Array, Object(Closure))
#25 C:\\dev\\Unifiedtransform\\vendor\\laravel\\framework\\src\\Illuminate\\Container\\Container.php(592): Illuminate\\Container\\BoundMethod::call(Object(Illuminate\\Foundation\\Application), Array, Array, NULL)
#26 C:\\dev\\Unifiedtransform\\vendor\\laravel\\framework\\src\\Illuminate\\Console\\Command.php(134): Illuminate\\Container\\Container->call(Array)
#27 C:\\dev\\Unifiedtransform\\vendor\\symfony\\console\\Command\\Command.php(255): Illuminate\\Console\\Command->execute(Object(Symfony\\Component\\Console\\Input\\ArgvInput), Object(Illuminate\\Console\\OutputStyle))
#28 C:\\dev\\Unifiedtransform\\vendor\\laravel\\framework\\src\\Illuminate\\Console\\Command.php(121): Symfony\\Component\\Console\\Command\\Command->run(Object(Symfony\\Component\\Console\\Input\\ArgvInput), Object(Illuminate\\Console\\OutputStyle))
#29 C:\\dev\\Unifiedtransform\\vendor\\symfony\\console\\Application.php(912): Illuminate\\Console\\Command->run(Object(Symfony\\Component\\Console\\Input\\ArgvInput), Object(Symfony\\Component\\Console\\Output\\ConsoleOutput))
#30 C:\\dev\\Unifiedtransform\\vendor\\symfony\\console\\Application.php(264): Symfony\\Component\\Console\\Application->doRunCommand(Object(Illuminate\\Database\\Console\\Migrations\\MigrateCommand), Object(Symfony\\Component\\Console\\Input\\ArgvInput), Object(Symfony\\Component\\Console\\Output\\ConsoleOutput))
#31 C:\\dev\\Unifiedtransform\\vendor\\symfony\\console\\Application.php(140): Symfony\\Component\\Console\\Application->doRun(Object(Symfony\\Component\\Console\\Input\\ArgvInput), Object(Symfony\\Component\\Console\\Output\\ConsoleOutput))
#32 C:\\dev\\Unifiedtransform\\vendor\\laravel\\framework\\src\\Illuminate\\Console\\Application.php(93): Symfony\\Component\\Console\\Application->run(Object(Symfony\\Component\\Console\\Input\\ArgvInput), Object(Symfony\\Component\\Console\\Output\\ConsoleOutput))
#33 C:\\dev\\Unifiedtransform\\vendor\\laravel\\framework\\src\\Illuminate\\Foundation\\Console\\Kernel.php(129): Illuminate\\Console\\Application->run(Object(Symfony\\Component\\Console\\Input\\ArgvInput), Object(Symfony\\Component\\Console\\Output\\ConsoleOutput))
#34 C:\\dev\\Unifiedtransform\\artisan(37): Illuminate\\Foundation\\Console\\Kernel->handle(Object(Symfony\\Component\\Console\\Input\\ArgvInput), Object(Symfony\\Component\\Console\\Output\\ConsoleOutput))
#35 {main}
"} 
[2020-05-28 22:02:00] laravel.EMERGENCY: Unable to create configured logger. Using emergency logger. {"exception":"[object] (InvalidArgumentException(code: 0): Log [] is not defined. at C:\\dev\\Unifiedtransform\\vendor\\laravel\\framework\\src\\Illuminate\\Log\\LogManager.php:192)
[stacktrace]
#0 C:\\dev\\Unifiedtransform\\vendor\\laravel\\framework\\src\\Illuminate\\Log\\LogManager.php(118): Illuminate\\Log\\LogManager->resolve(NULL)
#1 C:\\dev\\Unifiedtransform\\vendor\\laravel\\framework\\src\\Illuminate\\Log\\LogManager.php(98): Illuminate\\Log\\LogManager->get(NULL)
#2 C:\\dev\\Unifiedtransform\\vendor\\laravel\\framework\\src\\Illuminate\\Log\\LogManager.php(547): Illuminate\\Log\\LogManager->driver()
#3 C:\\dev\\Unifiedtransform\\vendor\\laravel\\framework\\src\\Illuminate\\Foundation\\Exceptions\\Handler.php(122): Illuminate\\Log\\LogManager->error('could not find ...', Array)
#4 C:\\dev\\Unifiedtransform\\app\\Exceptions\\Handler.php(39): Illuminate\\Foundation\\Exceptions\\Handler->report(Object(Illuminate\\Database\\QueryException))
#5 C:\\dev\\Unifiedtransform\\vendor\
unomaduro\\collision\\src\\Adapters\\Laravel\\ExceptionHandler.php(57): App\\Exceptions\\Handler->report(Object(Illuminate\\Database\\QueryException))
#6 C:\\dev\\Unifiedtransform\\vendor\\laravel\\framework\\src\\Illuminate\\Foundation\\Console\\Kernel.php(366): NunoMaduro\\Collision\\Adapters\\Laravel\\ExceptionHandler->report(Object(Illuminate\\Database\\QueryException))
#7 C:\\dev\\Unifiedtransform\\vendor\\laravel\\framework\\src\\Illuminate\\Foundation\\Console\\Kernel.php(131): Illuminate\\Foundation\\Console\\Kernel->reportException(Object(Illuminate\\Database\\QueryException))
#8 C:\\dev\\Unifiedtransform\\artisan(37): Illuminate\\Foundation\\Console\\Kernel->handle(Object(Symfony\\Component\\Console\\Input\\ArgvInput), Object(Symfony\\Component\\Console\\Output\\ConsoleOutput))
#9 {main}
"} 
[2020-05-28 22:02:00] laravel.ERROR: could not find driver (SQL: select * from information_schema.tables where table_schema = unified and table_name = migrations and table_type = 'BASE TABLE') {"exception":"[object] (Illuminate\\Database\\QueryException(code: 0): could not find driver (SQL: select * from information_schema.tables where table_schema = unified and table_name = migrations and table_type = 'BASE TABLE') at C:\\dev\\Unifiedtransform\\vendor\\laravel\\framework\\src\\Illuminate\\Database\\Connection.php:671)
[stacktrace]
#0 C:\\dev\\Unifiedtransform\\vendor\\laravel\\framework\\src\\Illuminate\\Database\\Connection.php(631): Illuminate\\Database\\Connection->runQueryCallback('select * from i...', Array, Object(Closure))
#1 C:\\dev\\Unifiedtransform\\vendor\\laravel\\framework\\src\\Illuminate\\Database\\Connection.php(339): Illuminate\\Database\\Connection->run('select * from i...', Array, Object(Closure))
#2 C:\\dev\\Unifiedtransform\\vendor\\laravel\\framework\\src\\Illuminate\\Database\\Schema\\MySqlBuilder.php(18): Illuminate\\Database\\Connection->select('select * from i...', Array)
#3 C:\\dev\\Unifiedtransform\\vendor\\laravel\\framework\\src\\Illuminate\\Database\\Migrations\\DatabaseMigrationRepository.php(169): Illuminate\\Database\\Schema\\MySqlBuilder->hasTable('migrations')
#4 C:\\dev\\Unifiedtransform\\vendor\\laravel\\framework\\src\\Illuminate\\Database\\Migrations\\Migrator.php(608): Illuminate\\Database\\Migrations\\DatabaseMigrationRepository->repositoryExists()
#5 C:\\dev\\Unifiedtransform\\vendor\\laravel\\framework\\src\\Illuminate\\Database\\Console\\Migrations\\MigrateCommand.php(93): Illuminate\\Database\\Migrations\\Migrator->repositoryExists()
#6 C:\\dev\\Unifiedtransform\\vendor\\laravel\\framework\\src\\Illuminate\\Database\\Console\\Migrations\\MigrateCommand.php(64): Illuminate\\Database\\Console\\Migrations\\MigrateCommand->prepareDatabase()
#7 C:\\dev\\Unifiedtransform\\vendor\\laravel\\framework\\src\\Illuminate\\Database\\Migrations\\Migrator.php(541): Illuminate\\Database\\Console\\Migrations\\MigrateCommand->Illuminate\\Database\\Console\\Migrations\\{closure}()
#8 C:\\dev\\Unifiedtransform\\vendor\\laravel\\framework\\src\\Illuminate\\Database\\Console\\Migrations\\MigrateCommand.php(81): Illuminate\\Database\\Migrations\\Migrator->usingConnection(NULL, Object(Closure))
#9 [internal function]: Illuminate\\Database\\Console\\Migrations\\MigrateCommand->handle()
#10 C:\\dev\\Unifiedtransform\\vendor\\laravel\\framework\\src\\Illuminate\\Container\\BoundMethod.php(33): call_user_func_array(Array, Array)
#11 C:\\dev\\Unifiedtransform\\vendor\\laravel\\framework\\src\\Illuminate\\Container\\Util.php(36): Illuminate\\Container\\BoundMethod::Illuminate\\Container\\{closure}()
#12 C:\\dev\\Unifiedtransform\\vendor\\laravel\\framework\\src\\Illuminate\\Container\\BoundMethod.php(91): Illuminate\\Container\\Util::unwrapIfClosure(Object(Closure))
#13 C:\\dev\\Unifiedtransform\\vendor\\laravel\\framework\\src\\Illuminate\\Container\\BoundMethod.php(35): Illuminate\\Container\\BoundMethod::callBoundMethod(Object(Illuminate\\Foundation\\Application), Array, Object(Closure))
#14 C:\\dev\\Unifiedtransform\\vendor\\laravel\\framework\\src\\Illuminate\\Container\\Container.php(592): Illuminate\\Container\\BoundMethod::call(Object(Illuminate\\Foundation\\Application), Array, Array, NULL)
#15 C:\\dev\\Unifiedtransform\\vendor\\laravel\\framework\\src\\Illuminate\\Console\\Command.php(134): Illuminate\\Container\\Container->call(Array)
#16 C:\\dev\\Unifiedtransform\\vendor\\symfony\\console\\Command\\Command.php(255): Illuminate\\Console\\Command->execute(Object(Symfony\\Component\\Console\\Input\\ArgvInput), Object(Illuminate\\Console\\OutputStyle))
#17 C:\\dev\\Unifiedtransform\\vendor\\laravel\\framework\\src\\Illuminate\\Console\\Command.php(121): Symfony\\Component\\Console\\Command\\Command->run(Object(Symfony\\Component\\Console\\Input\\ArgvInput), Object(Illuminate\\Console\\OutputStyle))
#18 C:\\dev\\Unifiedtransform\\vendor\\symfony\\console\\Application.php(912): Illuminate\\Console\\Command->run(Object(Symfony\\Component\\Console\\Input\\ArgvInput), Object(Symfony\\Component\\Console\\Output\\ConsoleOutput))
#19 C:\\dev\\Unifiedtransform\\vendor\\symfony\\console\\Application.php(264): Symfony\\Component\\Console\\Application->doRunCommand(Object(Illuminate\\Database\\Console\\Migrations\\MigrateCommand), Object(Symfony\\Component\\Console\\Input\\ArgvInput), Object(Symfony\\Component\\Console\\Output\\ConsoleOutput))
#20 C:\\dev\\Unifiedtransform\\vendor\\symfony\\console\\Application.php(140): Symfony\\Component\\Console\\Application->doRun(Object(Symfony\\Component\\Console\\Input\\ArgvInput), Object(Symfony\\Component\\Console\\Output\\ConsoleOutput))
#21 C:\\dev\\Unifiedtransform\\vendor\\laravel\\framework\\src\\Illuminate\\Console\\Application.php(93): Symfony\\Component\\Console\\Application->run(Object(Symfony\\Component\\Console\\Input\\ArgvInput), Object(Symfony\\Component\\Console\\Output\\ConsoleOutput))
#22 C:\\dev\\Unifiedtransform\\vendor\\laravel\\framework\\src\\Illuminate\\Foundation\\Console\\Kernel.php(129): Illuminate\\Console\\Application->run(Object(Symfony\\Component\\Console\\Input\\ArgvInput), Object(Symfony\\Component\\Console\\Output\\ConsoleOutput))
#23 C:\\dev\\Unifiedtransform\\artisan(37): Illuminate\\Foundation\\Console\\Kernel->handle(Object(Symfony\\Component\\Console\\Input\\ArgvInput), Object(Symfony\\Component\\Console\\Output\\ConsoleOutput))
#24 {main}

[previous exception] [object] (Doctrine\\DBAL\\Driver\\PDOException(code: 0): could not find driver at C:\\dev\\Unifiedtransform\\vendor\\doctrine\\dbal\\lib\\Doctrine\\DBAL\\Driver\\PDOConnection.php:31)
[stacktrace]
#0 C:\\dev\\Unifiedtransform\\vendor\\laravel\\framework\\src\\Illuminate\\Database\\Connectors\\Connector.php(67): Doctrine\\DBAL\\Driver\\PDOConnection->__construct('mysql:host=127....', 'root', 'wow0sm', Array)
#1 C:\\dev\\Unifiedtransform\\vendor\\laravel\\framework\\src\\Illuminate\\Database\\Connectors\\Connector.php(46): Illuminate\\Database\\Connectors\\Connector->createPdoConnection('mysql:host=127....', 'root', 'wow0sm', Array)
#2 C:\\dev\\Unifiedtransform\\vendor\\laravel\\framework\\src\\Illuminate\\Database\\Connectors\\MySqlConnector.php(24): Illuminate\\Database\\Connectors\\Connector->createConnection('mysql:host=127....', Array, Array)
#3 C:\\dev\\Unifiedtransform\\vendor\\laravel\\framework\\src\\Illuminate\\Database\\Connectors\\ConnectionFactory.php(182): Illuminate\\Database\\Connectors\\MySqlConnector->connect(Array)
#4 [internal function]: Illuminate\\Database\\Connectors\\ConnectionFactory->Illuminate\\Database\\Connectors\\{closure}()
#5 C:\\dev\\Unifiedtransform\\vendor\\laravel\\framework\\src\\Illuminate\\Database\\Connection.php(926): call_user_func(Object(Closure))
#6 C:\\dev\\Unifiedtransform\\vendor\\laravel\\framework\\src\\Illuminate\\Database\\Connection.php(961): Illuminate\\Database\\Connection->getPdo()
#7 C:\\dev\\Unifiedtransform\\vendor\\laravel\\framework\\src\\Illuminate\\Database\\Connection.php(405): Illuminate\\Database\\Connection->getReadPdo()
#8 C:\\dev\\Unifiedtransform\\vendor\\laravel\\framework\\src\\Illuminate\\Database\\Connection.php(331): Illuminate\\Database\\Connection->getPdoForSelect(true)
#9 C:\\dev\\Unifiedtransform\\vendor\\laravel\\framework\\src\\Illuminate\\Database\\Connection.php(664): Illuminate\\Database\\Connection->Illuminate\\Database\\{closure}('select * from i...', Array)
#10 C:\\dev\\Unifiedtransform\\vendor\\laravel\\framework\\src\\Illuminate\\Database\\Connection.php(631): Illuminate\\Database\\Connection->runQueryCallback('select * from i...', Array, Object(Closure))
#11 C:\\dev\\Unifiedtransform\\vendor\\laravel\\framework\\src\\Illuminate\\Database\\Connection.php(339): Illuminate\\Database\\Connection->run('select * from i...', Array, Object(Closure))
#12 C:\\dev\\Unifiedtransform\\vendor\\laravel\\framework\\src\\Illuminate\\Database\\Schema\\MySqlBuilder.php(18): Illuminate\\Database\\Connection->select('select * from i...', Array)
#13 C:\\dev\\Unifiedtransform\\vendor\\laravel\\framework\\src\\Illuminate\\Database\\Migrations\\DatabaseMigrationRepository.php(169): Illuminate\\Database\\Schema\\MySqlBuilder->hasTable('migrations')
#14 C:\\dev\\Unifiedtransform\\vendor\\laravel\\framework\\src\\Illuminate\\Database\\Migrations\\Migrator.php(608): Illuminate\\Database\\Migrations\\DatabaseMigrationRepository->repositoryExists()
#15 C:\\dev\\Unifiedtransform\\vendor\\laravel\\framework\\src\\Illuminate\\Database\\Console\\Migrations\\MigrateCommand.php(93): Illuminate\\Database\\Migrations\\Migrator->repositoryExists()
#16 C:\\dev\\Unifiedtransform\\vendor\\laravel\\framework\\src\\Illuminate\\Database\\Console\\Migrations\\MigrateCommand.php(64): Illuminate\\Database\\Console\\Migrations\\MigrateCommand->prepareDatabase()
#17 C:\\dev\\Unifiedtransform\\vendor\\laravel\\framework\\src\\Illuminate\\Database\\Migrations\\Migrator.php(541): Illuminate\\Database\\Console\\Migrations\\MigrateCommand->Illuminate\\Database\\Console\\Migrations\\{closure}()
#18 C:\\dev\\Unifiedtransform\\vendor\\laravel\\framework\\src\\Illuminate\\Database\\Console\\Migrations\\MigrateCommand.php(81): Illuminate\\Database\\Migrations\\Migrator->usingConnection(NULL, Object(Closure))
#19 [internal function]: Illuminate\\Database\\Console\\Migrations\\MigrateCommand->handle()
#20 C:\\dev\\Unifiedtransform\\vendor\\laravel\\framework\\src\\Illuminate\\Container\\BoundMethod.php(33): call_user_func_array(Array, Array)
#21 C:\\dev\\Unifiedtransform\\vendor\\laravel\\framework\\src\\Illuminate\\Container\\Util.php(36): Illuminate\\Container\\BoundMethod::Illuminate\\Container\\{closure}()
#22 C:\\dev\\Unifiedtransform\\vendor\\laravel\\framework\\src\\Illuminate\\Container\\BoundMethod.php(91): Illuminate\\Container\\Util::unwrapIfClosure(Object(Closure))
#23 C:\\dev\\Unifiedtransform\\vendor\\laravel\\framework\\src\\Illuminate\\Container\\BoundMethod.php(35): Illuminate\\Container\\BoundMethod::callBoundMethod(Object(Illuminate\\Foundation\\Application), Array, Object(Closure))
#24 C:\\dev\\Unifiedtransform\\vendor\\laravel\\framework\\src\\Illuminate\\Container\\Container.php(592): Illuminate\\Container\\BoundMethod::call(Object(Illuminate\\Foundation\\Application), Array, Array, NULL)
#25 C:\\dev\\Unifiedtransform\\vendor\\laravel\\framework\\src\\Illuminate\\Console\\Command.php(134): Illuminate\\Container\\Container->call(Array)
#26 C:\\dev\\Unifiedtransform\\vendor\\symfony\\console\\Command\\Command.php(255): Illuminate\\Console\\Command->execute(Object(Symfony\\Component\\Console\\Input\\ArgvInput), Object(Illuminate\\Console\\OutputStyle))
#27 C:\\dev\\Unifiedtransform\\vendor\\laravel\\framework\\src\\Illuminate\\Console\\Command.php(121): Symfony\\Component\\Console\\Command\\Command->run(Object(Symfony\\Component\\Console\\Input\\ArgvInput), Object(Illuminate\\Console\\OutputStyle))
#28 C:\\dev\\Unifiedtransform\\vendor\\symfony\\console\\Application.php(912): Illuminate\\Console\\Command->run(Object(Symfony\\Component\\Console\\Input\\ArgvInput), Object(Symfony\\Component\\Console\\Output\\ConsoleOutput))
#29 C:\\dev\\Unifiedtransform\\vendor\\symfony\\console\\Application.php(264): Symfony\\Component\\Console\\Application->doRunCommand(Object(Illuminate\\Database\\Console\\Migrations\\MigrateCommand), Object(Symfony\\Component\\Console\\Input\\ArgvInput), Object(Symfony\\Component\\Console\\Output\\ConsoleOutput))
#30 C:\\dev\\Unifiedtransform\\vendor\\symfony\\console\\Application.php(140): Symfony\\Component\\Console\\Application->doRun(Object(Symfony\\Component\\Console\\Input\\ArgvInput), Object(Symfony\\Component\\Console\\Output\\ConsoleOutput))
#31 C:\\dev\\Unifiedtransform\\vendor\\laravel\\framework\\src\\Illuminate\\Console\\Application.php(93): Symfony\\Component\\Console\\Application->run(Object(Symfony\\Component\\Console\\Input\\ArgvInput), Object(Symfony\\Component\\Console\\Output\\ConsoleOutput))
#32 C:\\dev\\Unifiedtransform\\vendor\\laravel\\framework\\src\\Illuminate\\Foundation\\Console\\Kernel.php(129): Illuminate\\Console\\Application->run(Object(Symfony\\Component\\Console\\Input\\ArgvInput), Object(Symfony\\Component\\Console\\Output\\ConsoleOutput))
#33 C:\\dev\\Unifiedtransform\\artisan(37): Illuminate\\Foundation\\Console\\Kernel->handle(Object(Symfony\\Component\\Console\\Input\\ArgvInput), Object(Symfony\\Component\\Console\\Output\\ConsoleOutput))
#34 {main}

[previous exception] [object] (PDOException(code: 0): could not find driver at C:\\dev\\Unifiedtransform\\vendor\\doctrine\\dbal\\lib\\Doctrine\\DBAL\\Driver\\PDOConnection.php:27)
[stacktrace]
#0 C:\\dev\\Unifiedtransform\\vendor\\doctrine\\dbal\\lib\\Doctrine\\DBAL\\Driver\\PDOConnection.php(27): PDO->__construct('mysql:host=127....', 'root', 'wow0sm', Array)
#1 C:\\dev\\Unifiedtransform\\vendor\\laravel\\framework\\src\\Illuminate\\Database\\Connectors\\Connector.php(67): Doctrine\\DBAL\\Driver\\PDOConnection->__construct('mysql:host=127....', 'root', 'wow0sm', Array)
#2 C:\\dev\\Unifiedtransform\\vendor\\laravel\\framework\\src\\Illuminate\\Database\\Connectors\\Connector.php(46): Illuminate\\Database\\Connectors\\Connector->createPdoConnection('mysql:host=127....', 'root', 'wow0sm', Array)
#3 C:\\dev\\Unifiedtransform\\vendor\\laravel\\framework\\src\\Illuminate\\Database\\Connectors\\MySqlConnector.php(24): Illuminate\\Database\\Connectors\\Connector->createConnection('mysql:host=127....', Array, Array)
#4 C:\\dev\\Unifiedtransform\\vendor\\laravel\\framework\\src\\Illuminate\\Database\\Connectors\\ConnectionFactory.php(182): Illuminate\\Database\\Connectors\\MySqlConnector->connect(Array)
#5 [internal function]: Illuminate\\Database\\Connectors\\ConnectionFactory->Illuminate\\Database\\Connectors\\{closure}()
#6 C:\\dev\\Unifiedtransform\\vendor\\laravel\\framework\\src\\Illuminate\\Database\\Connection.php(926): call_user_func(Object(Closure))
#7 C:\\dev\\Unifiedtransform\\vendor\\laravel\\framework\\src\\Illuminate\\Database\\Connection.php(961): Illuminate\\Database\\Connection->getPdo()
#8 C:\\dev\\Unifiedtransform\\vendor\\laravel\\framework\\src\\Illuminate\\Database\\Connection.php(405): Illuminate\\Database\\Connection->getReadPdo()
#9 C:\\dev\\Unifiedtransform\\vendor\\laravel\\framework\\src\\Illuminate\\Database\\Connection.php(331): Illuminate\\Database\\Connection->getPdoForSelect(true)
#10 C:\\dev\\Unifiedtransform\\vendor\\laravel\\framework\\src\\Illuminate\\Database\\Connection.php(664): Illuminate\\Database\\Connection->Illuminate\\Database\\{closure}('select * from i...', Array)
#11 C:\\dev\\Unifiedtransform\\vendor\\laravel\\framework\\src\\Illuminate\\Database\\Connection.php(631): Illuminate\\Database\\Connection->runQueryCallback('select * from i...', Array, Object(Closure))
#12 C:\\dev\\Unifiedtransform\\vendor\\laravel\\framework\\src\\Illuminate\\Database\\Connection.php(339): Illuminate\\Database\\Connection->run('select * from i...', Array, Object(Closure))
#13 C:\\dev\\Unifiedtransform\\vendor\\laravel\\framework\\src\\Illuminate\\Database\\Schema\\MySqlBuilder.php(18): Illuminate\\Database\\Connection->select('select * from i...', Array)
#14 C:\\dev\\Unifiedtransform\\vendor\\laravel\\framework\\src\\Illuminate\\Database\\Migrations\\DatabaseMigrationRepository.php(169): Illuminate\\Database\\Schema\\MySqlBuilder->hasTable('migrations')
#15 C:\\dev\\Unifiedtransform\\vendor\\laravel\\framework\\src\\Illuminate\\Database\\Migrations\\Migrator.php(608): Illuminate\\Database\\Migrations\\DatabaseMigrationRepository->repositoryExists()
#16 C:\\dev\\Unifiedtransform\\vendor\\laravel\\framework\\src\\Illuminate\\Database\\Console\\Migrations\\MigrateCommand.php(93): Illuminate\\Database\\Migrations\\Migrator->repositoryExists()
#17 C:\\dev\\Unifiedtransform\\vendor\\laravel\\framework\\src\\Illuminate\\Database\\Console\\Migrations\\MigrateCommand.php(64): Illuminate\\Database\\Console\\Migrations\\MigrateCommand->prepareDatabase()
#18 C:\\dev\\Unifiedtransform\\vendor\\laravel\\framework\\src\\Illuminate\\Database\\Migrations\\Migrator.php(541): Illuminate\\Database\\Console\\Migrations\\MigrateCommand->Illuminate\\Database\\Console\\Migrations\\{closure}()
#19 C:\\dev\\Unifiedtransform\\vendor\\laravel\\framework\\src\\Illuminate\\Database\\Console\\Migrations\\MigrateCommand.php(81): Illuminate\\Database\\Migrations\\Migrator->usingConnection(NULL, Object(Closure))
#20 [internal function]: Illuminate\\Database\\Console\\Migrations\\MigrateCommand->handle()
#21 C:\\dev\\Unifiedtransform\\vendor\\laravel\\framework\\src\\Illuminate\\Container\\BoundMethod.php(33): call_user_func_array(Array, Array)
#22 C:\\dev\\Unifiedtransform\\vendor\\laravel\\framework\\src\\Illuminate\\Container\\Util.php(36): Illuminate\\Container\\BoundMethod::Illuminate\\Container\\{closure}()
#23 C:\\dev\\Unifiedtransform\\vendor\\laravel\\framework\\src\\Illuminate\\Container\\BoundMethod.php(91): Illuminate\\Container\\Util::unwrapIfClosure(Object(Closure))
#24 C:\\dev\\Unifiedtransform\\vendor\\laravel\\framework\\src\\Illuminate\\Container\\BoundMethod.php(35): Illuminate\\Container\\BoundMethod::callBoundMethod(Object(Illuminate\\Foundation\\Application), Array, Object(Closure))
#25 C:\\dev\\Unifiedtransform\\vendor\\laravel\\framework\\src\\Illuminate\\Container\\Container.php(592): Illuminate\\Container\\BoundMethod::call(Object(Illuminate\\Foundation\\Application), Array, Array, NULL)
#26 C:\\dev\\Unifiedtransform\\vendor\\laravel\\framework\\src\\Illuminate\\Console\\Command.php(134): Illuminate\\Container\\Container->call(Array)
#27 C:\\dev\\Unifiedtransform\\vendor\\symfony\\console\\Command\\Command.php(255): Illuminate\\Console\\Command->execute(Object(Symfony\\Component\\Console\\Input\\ArgvInput), Object(Illuminate\\Console\\OutputStyle))
#28 C:\\dev\\Unifiedtransform\\vendor\\laravel\\framework\\src\\Illuminate\\Console\\Command.php(121): Symfony\\Component\\Console\\Command\\Command->run(Object(Symfony\\Component\\Console\\Input\\ArgvInput), Object(Illuminate\\Console\\OutputStyle))
#29 C:\\dev\\Unifiedtransform\\vendor\\symfony\\console\\Application.php(912): Illuminate\\Console\\Command->run(Object(Symfony\\Component\\Console\\Input\\ArgvInput), Object(Symfony\\Component\\Console\\Output\\ConsoleOutput))
#30 C:\\dev\\Unifiedtransform\\vendor\\symfony\\console\\Application.php(264): Symfony\\Component\\Console\\Application->doRunCommand(Object(Illuminate\\Database\\Console\\Migrations\\MigrateCommand), Object(Symfony\\Component\\Console\\Input\\ArgvInput), Object(Symfony\\Component\\Console\\Output\\ConsoleOutput))
#31 C:\\dev\\Unifiedtransform\\vendor\\symfony\\console\\Application.php(140): Symfony\\Component\\Console\\Application->doRun(Object(Symfony\\Component\\Console\\Input\\ArgvInput), Object(Symfony\\Component\\Console\\Output\\ConsoleOutput))
#32 C:\\dev\\Unifiedtransform\\vendor\\laravel\\framework\\src\\Illuminate\\Console\\Application.php(93): Symfony\\Component\\Console\\Application->run(Object(Symfony\\Component\\Console\\Input\\ArgvInput), Object(Symfony\\Component\\Console\\Output\\ConsoleOutput))
#33 C:\\dev\\Unifiedtransform\\vendor\\laravel\\framework\\src\\Illuminate\\Foundation\\Console\\Kernel.php(129): Illuminate\\Console\\Application->run(Object(Symfony\\Component\\Console\\Input\\ArgvInput), Object(Symfony\\Component\\Console\\Output\\ConsoleOutput))
#34 C:\\dev\\Unifiedtransform\\artisan(37): Illuminate\\Foundation\\Console\\Kernel->handle(Object(Symfony\\Component\\Console\\Input\\ArgvInput), Object(Symfony\\Component\\Console\\Output\\ConsoleOutput))
#35 {main}
"} 
[2020-05-28 22:04:32] laravel.EMERGENCY: Unable to create configured logger. Using emergency logger. {"exception":"[object] (InvalidArgumentException(code: 0): Log [] is not defined. at C:\\dev\\Unifiedtransform\\vendor\\laravel\\framework\\src\\Illuminate\\Log\\LogManager.php:192)
[stacktrace]
#0 C:\\dev\\Unifiedtransform\\vendor\\laravel\\framework\\src\\Illuminate\\Log\\LogManager.php(118): Illuminate\\Log\\LogManager->resolve(NULL)
#1 C:\\dev\\Unifiedtransform\\vendor\\laravel\\framework\\src\\Illuminate\\Log\\LogManager.php(98): Illuminate\\Log\\LogManager->get(NULL)
#2 C:\\dev\\Unifiedtransform\\vendor\\laravel\\framework\\src\\Illuminate\\Log\\LogManager.php(547): Illuminate\\Log\\LogManager->driver()
#3 C:\\dev\\Unifiedtransform\\vendor\\laravel\\framework\\src\\Illuminate\\Foundation\\Exceptions\\Handler.php(122): Illuminate\\Log\\LogManager->error('could not find ...', Array)
#4 C:\\dev\\Unifiedtransform\\app\\Exceptions\\Handler.php(39): Illuminate\\Foundation\\Exceptions\\Handler->report(Object(Illuminate\\Database\\QueryException))
#5 C:\\dev\\Unifiedtransform\\vendor\
unomaduro\\collision\\src\\Adapters\\Laravel\\ExceptionHandler.php(57): App\\Exceptions\\Handler->report(Object(Illuminate\\Database\\QueryException))
#6 C:\\dev\\Unifiedtransform\\vendor\\laravel\\framework\\src\\Illuminate\\Foundation\\Console\\Kernel.php(366): NunoMaduro\\Collision\\Adapters\\Laravel\\ExceptionHandler->report(Object(Illuminate\\Database\\QueryException))
#7 C:\\dev\\Unifiedtransform\\vendor\\laravel\\framework\\src\\Illuminate\\Foundation\\Console\\Kernel.php(131): Illuminate\\Foundation\\Console\\Kernel->reportException(Object(Illuminate\\Database\\QueryException))
#8 C:\\dev\\Unifiedtransform\\artisan(37): Illuminate\\Foundation\\Console\\Kernel->handle(Object(Symfony\\Component\\Console\\Input\\ArgvInput), Object(Symfony\\Component\\Console\\Output\\ConsoleOutput))
#9 {main}
"} 
[2020-05-28 22:04:32] laravel.ERROR: could not find driver (SQL: select * from information_schema.tables where table_schema = unified and table_name = migrations and table_type = 'BASE TABLE') {"exception":"[object] (Illuminate\\Database\\QueryException(code: 0): could not find driver (SQL: select * from information_schema.tables where table_schema = unified and table_name = migrations and table_type = 'BASE TABLE') at C:\\dev\\Unifiedtransform\\vendor\\laravel\\framework\\src\\Illuminate\\Database\\Connection.php:671)
[stacktrace]
#0 C:\\dev\\Unifiedtransform\\vendor\\laravel\\framework\\src\\Illuminate\\Database\\Connection.php(631): Illuminate\\Database\\Connection->runQueryCallback('select * from i...', Array, Object(Closure))
#1 C:\\dev\\Unifiedtransform\\vendor\\laravel\\framework\\src\\Illuminate\\Database\\Connection.php(339): Illuminate\\Database\\Connection->run('select * from i...', Array, Object(Closure))
#2 C:\\dev\\Unifiedtransform\\vendor\\laravel\\framework\\src\\Illuminate\\Database\\Schema\\MySqlBuilder.php(18): Illuminate\\Database\\Connection->select('select * from i...', Array)
#3 C:\\dev\\Unifiedtransform\\vendor\\laravel\\framework\\src\\Illuminate\\Database\\Migrations\\DatabaseMigrationRepository.php(169): Illuminate\\Database\\Schema\\MySqlBuilder->hasTable('migrations')
#4 C:\\dev\\Unifiedtransform\\vendor\\laravel\\framework\\src\\Illuminate\\Database\\Migrations\\Migrator.php(608): Illuminate\\Database\\Migrations\\DatabaseMigrationRepository->repositoryExists()
#5 C:\\dev\\Unifiedtransform\\vendor\\laravel\\framework\\src\\Illuminate\\Database\\Console\\Migrations\\MigrateCommand.php(93): Illuminate\\Database\\Migrations\\Migrator->repositoryExists()
#6 C:\\dev\\Unifiedtransform\\vendor\\laravel\\framework\\src\\Illuminate\\Database\\Console\\Migrations\\MigrateCommand.php(64): Illuminate\\Database\\Console\\Migrations\\MigrateCommand->prepareDatabase()
#7 C:\\dev\\Unifiedtransform\\vendor\\laravel\\framework\\src\\Illuminate\\Database\\Migrations\\Migrator.php(541): Illuminate\\Database\\Console\\Migrations\\MigrateCommand->Illuminate\\Database\\Console\\Migrations\\{closure}()
#8 C:\\dev\\Unifiedtransform\\vendor\\laravel\\framework\\src\\Illuminate\\Database\\Console\\Migrations\\MigrateCommand.php(81): Illuminate\\Database\\Migrations\\Migrator->usingConnection(NULL, Object(Closure))
#9 [internal function]: Illuminate\\Database\\Console\\Migrations\\MigrateCommand->handle()
#10 C:\\dev\\Unifiedtransform\\vendor\\laravel\\framework\\src\\Illuminate\\Container\\BoundMethod.php(33): call_user_func_array(Array, Array)
#11 C:\\dev\\Unifiedtransform\\vendor\\laravel\\framework\\src\\Illuminate\\Container\\Util.php(36): Illuminate\\Container\\BoundMethod::Illuminate\\Container\\{closure}()
#12 C:\\dev\\Unifiedtransform\\vendor\\laravel\\framework\\src\\Illuminate\\Container\\BoundMethod.php(91): Illuminate\\Container\\Util::unwrapIfClosure(Object(Closure))
#13 C:\\dev\\Unifiedtransform\\vendor\\laravel\\framework\\src\\Illuminate\\Container\\BoundMethod.php(35): Illuminate\\Container\\BoundMethod::callBoundMethod(Object(Illuminate\\Foundation\\Application), Array, Object(Closure))
#14 C:\\dev\\Unifiedtransform\\vendor\\laravel\\framework\\src\\Illuminate\\Container\\Container.php(592): Illuminate\\Container\\BoundMethod::call(Object(Illuminate\\Foundation\\Application), Array, Array, NULL)
#15 C:\\dev\\Unifiedtransform\\vendor\\laravel\\framework\\src\\Illuminate\\Console\\Command.php(134): Illuminate\\Container\\Container->call(Array)
#16 C:\\dev\\Unifiedtransform\\vendor\\symfony\\console\\Command\\Command.php(255): Illuminate\\Console\\Command->execute(Object(Symfony\\Component\\Console\\Input\\ArgvInput), Object(Illuminate\\Console\\OutputStyle))
#17 C:\\dev\\Unifiedtransform\\vendor\\laravel\\framework\\src\\Illuminate\\Console\\Command.php(121): Symfony\\Component\\Console\\Command\\Command->run(Object(Symfony\\Component\\Console\\Input\\ArgvInput), Object(Illuminate\\Console\\OutputStyle))
#18 C:\\dev\\Unifiedtransform\\vendor\\symfony\\console\\Application.php(912): Illuminate\\Console\\Command->run(Object(Symfony\\Component\\Console\\Input\\ArgvInput), Object(Symfony\\Component\\Console\\Output\\ConsoleOutput))
#19 C:\\dev\\Unifiedtransform\\vendor\\symfony\\console\\Application.php(264): Symfony\\Component\\Console\\Application->doRunCommand(Object(Illuminate\\Database\\Console\\Migrations\\MigrateCommand), Object(Symfony\\Component\\Console\\Input\\ArgvInput), Object(Symfony\\Component\\Console\\Output\\ConsoleOutput))
#20 C:\\dev\\Unifiedtransform\\vendor\\symfony\\console\\Application.php(140): Symfony\\Component\\Console\\Application->doRun(Object(Symfony\\Component\\Console\\Input\\ArgvInput), Object(Symfony\\Component\\Console\\Output\\ConsoleOutput))
#21 C:\\dev\\Unifiedtransform\\vendor\\laravel\\framework\\src\\Illuminate\\Console\\Application.php(93): Symfony\\Component\\Console\\Application->run(Object(Symfony\\Component\\Console\\Input\\ArgvInput), Object(Symfony\\Component\\Console\\Output\\ConsoleOutput))
#22 C:\\dev\\Unifiedtransform\\vendor\\laravel\\framework\\src\\Illuminate\\Foundation\\Console\\Kernel.php(129): Illuminate\\Console\\Application->run(Object(Symfony\\Component\\Console\\Input\\ArgvInput), Object(Symfony\\Component\\Console\\Output\\ConsoleOutput))
#23 C:\\dev\\Unifiedtransform\\artisan(37): Illuminate\\Foundation\\Console\\Kernel->handle(Object(Symfony\\Component\\Console\\Input\\ArgvInput), Object(Symfony\\Component\\Console\\Output\\ConsoleOutput))
#24 {main}

[previous exception] [object] (Doctrine\\DBAL\\Driver\\PDOException(code: 0): could not find driver at C:\\dev\\Unifiedtransform\\vendor\\doctrine\\dbal\\lib\\Doctrine\\DBAL\\Driver\\PDOConnection.php:31)
[stacktrace]
#0 C:\\dev\\Unifiedtransform\\vendor\\laravel\\framework\\src\\Illuminate\\Database\\Connectors\\Connector.php(67): Doctrine\\DBAL\\Driver\\PDOConnection->__construct('mysql:host=127....', 'root', 'wow0sm', Array)
#1 C:\\dev\\Unifiedtransform\\vendor\\laravel\\framework\\src\\Illuminate\\Database\\Connectors\\Connector.php(46): Illuminate\\Database\\Connectors\\Connector->createPdoConnection('mysql:host=127....', 'root', 'wow0sm', Array)
#2 C:\\dev\\Unifiedtransform\\vendor\\laravel\\framework\\src\\Illuminate\\Database\\Connectors\\MySqlConnector.php(24): Illuminate\\Database\\Connectors\\Connector->createConnection('mysql:host=127....', Array, Array)
#3 C:\\dev\\Unifiedtransform\\vendor\\laravel\\framework\\src\\Illuminate\\Database\\Connectors\\ConnectionFactory.php(182): Illuminate\\Database\\Connectors\\MySqlConnector->connect(Array)
#4 [internal function]: Illuminate\\Database\\Connectors\\ConnectionFactory->Illuminate\\Database\\Connectors\\{closure}()
#5 C:\\dev\\Unifiedtransform\\vendor\\laravel\\framework\\src\\Illuminate\\Database\\Connection.php(926): call_user_func(Object(Closure))
#6 C:\\dev\\Unifiedtransform\\vendor\\laravel\\framework\\src\\Illuminate\\Database\\Connection.php(961): Illuminate\\Database\\Connection->getPdo()
#7 C:\\dev\\Unifiedtransform\\vendor\\laravel\\framework\\src\\Illuminate\\Database\\Connection.php(405): Illuminate\\Database\\Connection->getReadPdo()
#8 C:\\dev\\Unifiedtransform\\vendor\\laravel\\framework\\src\\Illuminate\\Database\\Connection.php(331): Illuminate\\Database\\Connection->getPdoForSelect(true)
#9 C:\\dev\\Unifiedtransform\\vendor\\laravel\\framework\\src\\Illuminate\\Database\\Connection.php(664): Illuminate\\Database\\Connection->Illuminate\\Database\\{closure}('select * from i...', Array)
#10 C:\\dev\\Unifiedtransform\\vendor\\laravel\\framework\\src\\Illuminate\\Database\\Connection.php(631): Illuminate\\Database\\Connection->runQueryCallback('select * from i...', Array, Object(Closure))
#11 C:\\dev\\Unifiedtransform\\vendor\\laravel\\framework\\src\\Illuminate\\Database\\Connection.php(339): Illuminate\\Database\\Connection->run('select * from i...', Array, Object(Closure))
#12 C:\\dev\\Unifiedtransform\\vendor\\laravel\\framework\\src\\Illuminate\\Database\\Schema\\MySqlBuilder.php(18): Illuminate\\Database\\Connection->select('select * from i...', Array)
#13 C:\\dev\\Unifiedtransform\\vendor\\laravel\\framework\\src\\Illuminate\\Database\\Migrations\\DatabaseMigrationRepository.php(169): Illuminate\\Database\\Schema\\MySqlBuilder->hasTable('migrations')
#14 C:\\dev\\Unifiedtransform\\vendor\\laravel\\framework\\src\\Illuminate\\Database\\Migrations\\Migrator.php(608): Illuminate\\Database\\Migrations\\DatabaseMigrationRepository->repositoryExists()
#15 C:\\dev\\Unifiedtransform\\vendor\\laravel\\framework\\src\\Illuminate\\Database\\Console\\Migrations\\MigrateCommand.php(93): Illuminate\\Database\\Migrations\\Migrator->repositoryExists()
#16 C:\\dev\\Unifiedtransform\\vendor\\laravel\\framework\\src\\Illuminate\\Database\\Console\\Migrations\\MigrateCommand.php(64): Illuminate\\Database\\Console\\Migrations\\MigrateCommand->prepareDatabase()
#17 C:\\dev\\Unifiedtransform\\vendor\\laravel\\framework\\src\\Illuminate\\Database\\Migrations\\Migrator.php(541): Illuminate\\Database\\Console\\Migrations\\MigrateCommand->Illuminate\\Database\\Console\\Migrations\\{closure}()
#18 C:\\dev\\Unifiedtransform\\vendor\\laravel\\framework\\src\\Illuminate\\Database\\Console\\Migrations\\MigrateCommand.php(81): Illuminate\\Database\\Migrations\\Migrator->usingConnection(NULL, Object(Closure))
#19 [internal function]: Illuminate\\Database\\Console\\Migrations\\MigrateCommand->handle()
#20 C:\\dev\\Unifiedtransform\\vendor\\laravel\\framework\\src\\Illuminate\\Container\\BoundMethod.php(33): call_user_func_array(Array, Array)
#21 C:\\dev\\Unifiedtransform\\vendor\\laravel\\framework\\src\\Illuminate\\Container\\Util.php(36): Illuminate\\Container\\BoundMethod::Illuminate\\Container\\{closure}()
#22 C:\\dev\\Unifiedtransform\\vendor\\laravel\\framework\\src\\Illuminate\\Container\\BoundMethod.php(91): Illuminate\\Container\\Util::unwrapIfClosure(Object(Closure))
#23 C:\\dev\\Unifiedtransform\\vendor\\laravel\\framework\\src\\Illuminate\\Container\\BoundMethod.php(35): Illuminate\\Container\\BoundMethod::callBoundMethod(Object(Illuminate\\Foundation\\Application), Array, Object(Closure))
#24 C:\\dev\\Unifiedtransform\\vendor\\laravel\\framework\\src\\Illuminate\\Container\\Container.php(592): Illuminate\\Container\\BoundMethod::call(Object(Illuminate\\Foundation\\Application), Array, Array, NULL)
#25 C:\\dev\\Unifiedtransform\\vendor\\laravel\\framework\\src\\Illuminate\\Console\\Command.php(134): Illuminate\\Container\\Container->call(Array)
#26 C:\\dev\\Unifiedtransform\\vendor\\symfony\\console\\Command\\Command.php(255): Illuminate\\Console\\Command->execute(Object(Symfony\\Component\\Console\\Input\\ArgvInput), Object(Illuminate\\Console\\OutputStyle))
#27 C:\\dev\\Unifiedtransform\\vendor\\laravel\\framework\\src\\Illuminate\\Console\\Command.php(121): Symfony\\Component\\Console\\Command\\Command->run(Object(Symfony\\Component\\Console\\Input\\ArgvInput), Object(Illuminate\\Console\\OutputStyle))
#28 C:\\dev\\Unifiedtransform\\vendor\\symfony\\console\\Application.php(912): Illuminate\\Console\\Command->run(Object(Symfony\\Component\\Console\\Input\\ArgvInput), Object(Symfony\\Component\\Console\\Output\\ConsoleOutput))
#29 C:\\dev\\Unifiedtransform\\vendor\\symfony\\console\\Application.php(264): Symfony\\Component\\Console\\Application->doRunCommand(Object(Illuminate\\Database\\Console\\Migrations\\MigrateCommand), Object(Symfony\\Component\\Console\\Input\\ArgvInput), Object(Symfony\\Component\\Console\\Output\\ConsoleOutput))
#30 C:\\dev\\Unifiedtransform\\vendor\\symfony\\console\\Application.php(140): Symfony\\Component\\Console\\Application->doRun(Object(Symfony\\Component\\Console\\Input\\ArgvInput), Object(Symfony\\Component\\Console\\Output\\ConsoleOutput))
#31 C:\\dev\\Unifiedtransform\\vendor\\laravel\\framework\\src\\Illuminate\\Console\\Application.php(93): Symfony\\Component\\Console\\Application->run(Object(Symfony\\Component\\Console\\Input\\ArgvInput), Object(Symfony\\Component\\Console\\Output\\ConsoleOutput))
#32 C:\\dev\\Unifiedtransform\\vendor\\laravel\\framework\\src\\Illuminate\\Foundation\\Console\\Kernel.php(129): Illuminate\\Console\\Application->run(Object(Symfony\\Component\\Console\\Input\\ArgvInput), Object(Symfony\\Component\\Console\\Output\\ConsoleOutput))
#33 C:\\dev\\Unifiedtransform\\artisan(37): Illuminate\\Foundation\\Console\\Kernel->handle(Object(Symfony\\Component\\Console\\Input\\ArgvInput), Object(Symfony\\Component\\Console\\Output\\ConsoleOutput))
#34 {main}

[previous exception] [object] (PDOException(code: 0): could not find driver at C:\\dev\\Unifiedtransform\\vendor\\doctrine\\dbal\\lib\\Doctrine\\DBAL\\Driver\\PDOConnection.php:27)
[stacktrace]
#0 C:\\dev\\Unifiedtransform\\vendor\\doctrine\\dbal\\lib\\Doctrine\\DBAL\\Driver\\PDOConnection.php(27): PDO->__construct('mysql:host=127....', 'root', 'wow0sm', Array)
#1 C:\\dev\\Unifiedtransform\\vendor\\laravel\\framework\\src\\Illuminate\\Database\\Connectors\\Connector.php(67): Doctrine\\DBAL\\Driver\\PDOConnection->__construct('mysql:host=127....', 'root', 'wow0sm', Array)
#2 C:\\dev\\Unifiedtransform\\vendor\\laravel\\framework\\src\\Illuminate\\Database\\Connectors\\Connector.php(46): Illuminate\\Database\\Connectors\\Connector->createPdoConnection('mysql:host=127....', 'root', 'wow0sm', Array)
#3 C:\\dev\\Unifiedtransform\\vendor\\laravel\\framework\\src\\Illuminate\\Database\\Connectors\\MySqlConnector.php(24): Illuminate\\Database\\Connectors\\Connector->createConnection('mysql:host=127....', Array, Array)
#4 C:\\dev\\Unifiedtransform\\vendor\\laravel\\framework\\src\\Illuminate\\Database\\Connectors\\ConnectionFactory.php(182): Illuminate\\Database\\Connectors\\MySqlConnector->connect(Array)
#5 [internal function]: Illuminate\\Database\\Connectors\\ConnectionFactory->Illuminate\\Database\\Connectors\\{closure}()
#6 C:\\dev\\Unifiedtransform\\vendor\\laravel\\framework\\src\\Illuminate\\Database\\Connection.php(926): call_user_func(Object(Closure))
#7 C:\\dev\\Unifiedtransform\\vendor\\laravel\\framework\\src\\Illuminate\\Database\\Connection.php(961): Illuminate\\Database\\Connection->getPdo()
#8 C:\\dev\\Unifiedtransform\\vendor\\laravel\\framework\\src\\Illuminate\\Database\\Connection.php(405): Illuminate\\Database\\Connection->getReadPdo()
#9 C:\\dev\\Unifiedtransform\\vendor\\laravel\\framework\\src\\Illuminate\\Database\\Connection.php(331): Illuminate\\Database\\Connection->getPdoForSelect(true)
#10 C:\\dev\\Unifiedtransform\\vendor\\laravel\\framework\\src\\Illuminate\\Database\\Connection.php(664): Illuminate\\Database\\Connection->Illuminate\\Database\\{closure}('select * from i...', Array)
#11 C:\\dev\\Unifiedtransform\\vendor\\laravel\\framework\\src\\Illuminate\\Database\\Connection.php(631): Illuminate\\Database\\Connection->runQueryCallback('select * from i...', Array, Object(Closure))
#12 C:\\dev\\Unifiedtransform\\vendor\\laravel\\framework\\src\\Illuminate\\Database\\Connection.php(339): Illuminate\\Database\\Connection->run('select * from i...', Array, Object(Closure))
#13 C:\\dev\\Unifiedtransform\\vendor\\laravel\\framework\\src\\Illuminate\\Database\\Schema\\MySqlBuilder.php(18): Illuminate\\Database\\Connection->select('select * from i...', Array)
#14 C:\\dev\\Unifiedtransform\\vendor\\laravel\\framework\\src\\Illuminate\\Database\\Migrations\\DatabaseMigrationRepository.php(169): Illuminate\\Database\\Schema\\MySqlBuilder->hasTable('migrations')
#15 C:\\dev\\Unifiedtransform\\vendor\\laravel\\framework\\src\\Illuminate\\Database\\Migrations\\Migrator.php(608): Illuminate\\Database\\Migrations\\DatabaseMigrationRepository->repositoryExists()
#16 C:\\dev\\Unifiedtransform\\vendor\\laravel\\framework\\src\\Illuminate\\Database\\Console\\Migrations\\MigrateCommand.php(93): Illuminate\\Database\\Migrations\\Migrator->repositoryExists()
#17 C:\\dev\\Unifiedtransform\\vendor\\laravel\\framework\\src\\Illuminate\\Database\\Console\\Migrations\\MigrateCommand.php(64): Illuminate\\Database\\Console\\Migrations\\MigrateCommand->prepareDatabase()
#18 C:\\dev\\Unifiedtransform\\vendor\\laravel\\framework\\src\\Illuminate\\Database\\Migrations\\Migrator.php(541): Illuminate\\Database\\Console\\Migrations\\MigrateCommand->Illuminate\\Database\\Console\\Migrations\\{closure}()
#19 C:\\dev\\Unifiedtransform\\vendor\\laravel\\framework\\src\\Illuminate\\Database\\Console\\Migrations\\MigrateCommand.php(81): Illuminate\\Database\\Migrations\\Migrator->usingConnection(NULL, Object(Closure))
#20 [internal function]: Illuminate\\Database\\Console\\Migrations\\MigrateCommand->handle()
#21 C:\\dev\\Unifiedtransform\\vendor\\laravel\\framework\\src\\Illuminate\\Container\\BoundMethod.php(33): call_user_func_array(Array, Array)
#22 C:\\dev\\Unifiedtransform\\vendor\\laravel\\framework\\src\\Illuminate\\Container\\Util.php(36): Illuminate\\Container\\BoundMethod::Illuminate\\Container\\{closure}()
#23 C:\\dev\\Unifiedtransform\\vendor\\laravel\\framework\\src\\Illuminate\\Container\\BoundMethod.php(91): Illuminate\\Container\\Util::unwrapIfClosure(Object(Closure))
#24 C:\\dev\\Unifiedtransform\\vendor\\laravel\\framework\\src\\Illuminate\\Container\\BoundMethod.php(35): Illuminate\\Container\\BoundMethod::callBoundMethod(Object(Illuminate\\Foundation\\Application), Array, Object(Closure))
#25 C:\\dev\\Unifiedtransform\\vendor\\laravel\\framework\\src\\Illuminate\\Container\\Container.php(592): Illuminate\\Container\\BoundMethod::call(Object(Illuminate\\Foundation\\Application), Array, Array, NULL)
#26 C:\\dev\\Unifiedtransform\\vendor\\laravel\\framework\\src\\Illuminate\\Console\\Command.php(134): Illuminate\\Container\\Container->call(Array)
#27 C:\\dev\\Unifiedtransform\\vendor\\symfony\\console\\Command\\Command.php(255): Illuminate\\Console\\Command->execute(Object(Symfony\\Component\\Console\\Input\\ArgvInput), Object(Illuminate\\Console\\OutputStyle))
#28 C:\\dev\\Unifiedtransform\\vendor\\laravel\\framework\\src\\Illuminate\\Console\\Command.php(121): Symfony\\Component\\Console\\Command\\Command->run(Object(Symfony\\Component\\Console\\Input\\ArgvInput), Object(Illuminate\\Console\\OutputStyle))
#29 C:\\dev\\Unifiedtransform\\vendor\\symfony\\console\\Application.php(912): Illuminate\\Console\\Command->run(Object(Symfony\\Component\\Console\\Input\\ArgvInput), Object(Symfony\\Component\\Console\\Output\\ConsoleOutput))
#30 C:\\dev\\Unifiedtransform\\vendor\\symfony\\console\\Application.php(264): Symfony\\Component\\Console\\Application->doRunCommand(Object(Illuminate\\Database\\Console\\Migrations\\MigrateCommand), Object(Symfony\\Component\\Console\\Input\\ArgvInput), Object(Symfony\\Component\\Console\\Output\\ConsoleOutput))
#31 C:\\dev\\Unifiedtransform\\vendor\\symfony\\console\\Application.php(140): Symfony\\Component\\Console\\Application->doRun(Object(Symfony\\Component\\Console\\Input\\ArgvInput), Object(Symfony\\Component\\Console\\Output\\ConsoleOutput))
#32 C:\\dev\\Unifiedtransform\\vendor\\laravel\\framework\\src\\Illuminate\\Console\\Application.php(93): Symfony\\Component\\Console\\Application->run(Object(Symfony\\Component\\Console\\Input\\ArgvInput), Object(Symfony\\Component\\Console\\Output\\ConsoleOutput))
#33 C:\\dev\\Unifiedtransform\\vendor\\laravel\\framework\\src\\Illuminate\\Foundation\\Console\\Kernel.php(129): Illuminate\\Console\\Application->run(Object(Symfony\\Component\\Console\\Input\\ArgvInput), Object(Symfony\\Component\\Console\\Output\\ConsoleOutput))
#34 C:\\dev\\Unifiedtransform\\artisan(37): Illuminate\\Foundation\\Console\\Kernel->handle(Object(Symfony\\Component\\Console\\Input\\ArgvInput), Object(Symfony\\Component\\Console\\Output\\ConsoleOutput))
#35 {main}
"} 
[2020-05-28 22:05:02] laravel.EMERGENCY: Unable to create configured logger. Using emergency logger. {"exception":"[object] (InvalidArgumentException(code: 0): Log [] is not defined. at C:\\dev\\Unifiedtransform\\vendor\\laravel\\framework\\src\\Illuminate\\Log\\LogManager.php:192)
[stacktrace]
#0 C:\\dev\\Unifiedtransform\\vendor\\laravel\\framework\\src\\Illuminate\\Log\\LogManager.php(118): Illuminate\\Log\\LogManager->resolve(NULL)
#1 C:\\dev\\Unifiedtransform\\vendor\\laravel\\framework\\src\\Illuminate\\Log\\LogManager.php(98): Illuminate\\Log\\LogManager->get(NULL)
#2 C:\\dev\\Unifiedtransform\\vendor\\laravel\\framework\\src\\Illuminate\\Log\\LogManager.php(547): Illuminate\\Log\\LogManager->driver()
#3 C:\\dev\\Unifiedtransform\\vendor\\laravel\\framework\\src\\Illuminate\\Foundation\\Exceptions\\Handler.php(122): Illuminate\\Log\\LogManager->error('could not find ...', Array)
#4 C:\\dev\\Unifiedtransform\\app\\Exceptions\\Handler.php(39): Illuminate\\Foundation\\Exceptions\\Handler->report(Object(Illuminate\\Database\\QueryException))
#5 C:\\dev\\Unifiedtransform\\vendor\
unomaduro\\collision\\src\\Adapters\\Laravel\\ExceptionHandler.php(57): App\\Exceptions\\Handler->report(Object(Illuminate\\Database\\QueryException))
#6 C:\\dev\\Unifiedtransform\\vendor\\laravel\\framework\\src\\Illuminate\\Foundation\\Console\\Kernel.php(366): NunoMaduro\\Collision\\Adapters\\Laravel\\ExceptionHandler->report(Object(Illuminate\\Database\\QueryException))
#7 C:\\dev\\Unifiedtransform\\vendor\\laravel\\framework\\src\\Illuminate\\Foundation\\Console\\Kernel.php(131): Illuminate\\Foundation\\Console\\Kernel->reportException(Object(Illuminate\\Database\\QueryException))
#8 C:\\dev\\Unifiedtransform\\artisan(37): Illuminate\\Foundation\\Console\\Kernel->handle(Object(Symfony\\Component\\Console\\Input\\ArgvInput), Object(Symfony\\Component\\Console\\Output\\ConsoleOutput))
#9 {main}
"} 
[2020-05-28 22:05:02] laravel.ERROR: could not find driver (SQL: select * from information_schema.tables where table_schema = unified and table_name = migrations and table_type = 'BASE TABLE') {"exception":"[object] (Illuminate\\Database\\QueryException(code: 0): could not find driver (SQL: select * from information_schema.tables where table_schema = unified and table_name = migrations and table_type = 'BASE TABLE') at C:\\dev\\Unifiedtransform\\vendor\\laravel\\framework\\src\\Illuminate\\Database\\Connection.php:671)
[stacktrace]
#0 C:\\dev\\Unifiedtransform\\vendor\\laravel\\framework\\src\\Illuminate\\Database\\Connection.php(631): Illuminate\\Database\\Connection->runQueryCallback('select * from i...', Array, Object(Closure))
#1 C:\\dev\\Unifiedtransform\\vendor\\laravel\\framework\\src\\Illuminate\\Database\\Connection.php(339): Illuminate\\Database\\Connection->run('select * from i...', Array, Object(Closure))
#2 C:\\dev\\Unifiedtransform\\vendor\\laravel\\framework\\src\\Illuminate\\Database\\Schema\\MySqlBuilder.php(18): Illuminate\\Database\\Connection->select('select * from i...', Array)
#3 C:\\dev\\Unifiedtransform\\vendor\\laravel\\framework\\src\\Illuminate\\Database\\Migrations\\DatabaseMigrationRepository.php(169): Illuminate\\Database\\Schema\\MySqlBuilder->hasTable('migrations')
#4 C:\\dev\\Unifiedtransform\\vendor\\laravel\\framework\\src\\Illuminate\\Database\\Migrations\\Migrator.php(608): Illuminate\\Database\\Migrations\\DatabaseMigrationRepository->repositoryExists()
#5 C:\\dev\\Unifiedtransform\\vendor\\laravel\\framework\\src\\Illuminate\\Database\\Console\\Migrations\\MigrateCommand.php(93): Illuminate\\Database\\Migrations\\Migrator->repositoryExists()
#6 C:\\dev\\Unifiedtransform\\vendor\\laravel\\framework\\src\\Illuminate\\Database\\Console\\Migrations\\MigrateCommand.php(64): Illuminate\\Database\\Console\\Migrations\\MigrateCommand->prepareDatabase()
#7 C:\\dev\\Unifiedtransform\\vendor\\laravel\\framework\\src\\Illuminate\\Database\\Migrations\\Migrator.php(541): Illuminate\\Database\\Console\\Migrations\\MigrateCommand->Illuminate\\Database\\Console\\Migrations\\{closure}()
#8 C:\\dev\\Unifiedtransform\\vendor\\laravel\\framework\\src\\Illuminate\\Database\\Console\\Migrations\\MigrateCommand.php(81): Illuminate\\Database\\Migrations\\Migrator->usingConnection(NULL, Object(Closure))
#9 [internal function]: Illuminate\\Database\\Console\\Migrations\\MigrateCommand->handle()
#10 C:\\dev\\Unifiedtransform\\vendor\\laravel\\framework\\src\\Illuminate\\Container\\BoundMethod.php(33): call_user_func_array(Array, Array)
#11 C:\\dev\\Unifiedtransform\\vendor\\laravel\\framework\\src\\Illuminate\\Container\\Util.php(36): Illuminate\\Container\\BoundMethod::Illuminate\\Container\\{closure}()
#12 C:\\dev\\Unifiedtransform\\vendor\\laravel\\framework\\src\\Illuminate\\Container\\BoundMethod.php(91): Illuminate\\Container\\Util::unwrapIfClosure(Object(Closure))
#13 C:\\dev\\Unifiedtransform\\vendor\\laravel\\framework\\src\\Illuminate\\Container\\BoundMethod.php(35): Illuminate\\Container\\BoundMethod::callBoundMethod(Object(Illuminate\\Foundation\\Application), Array, Object(Closure))
#14 C:\\dev\\Unifiedtransform\\vendor\\laravel\\framework\\src\\Illuminate\\Container\\Container.php(592): Illuminate\\Container\\BoundMethod::call(Object(Illuminate\\Foundation\\Application), Array, Array, NULL)
#15 C:\\dev\\Unifiedtransform\\vendor\\laravel\\framework\\src\\Illuminate\\Console\\Command.php(134): Illuminate\\Container\\Container->call(Array)
#16 C:\\dev\\Unifiedtransform\\vendor\\symfony\\console\\Command\\Command.php(255): Illuminate\\Console\\Command->execute(Object(Symfony\\Component\\Console\\Input\\ArgvInput), Object(Illuminate\\Console\\OutputStyle))
#17 C:\\dev\\Unifiedtransform\\vendor\\laravel\\framework\\src\\Illuminate\\Console\\Command.php(121): Symfony\\Component\\Console\\Command\\Command->run(Object(Symfony\\Component\\Console\\Input\\ArgvInput), Object(Illuminate\\Console\\OutputStyle))
#18 C:\\dev\\Unifiedtransform\\vendor\\symfony\\console\\Application.php(912): Illuminate\\Console\\Command->run(Object(Symfony\\Component\\Console\\Input\\ArgvInput), Object(Symfony\\Component\\Console\\Output\\ConsoleOutput))
#19 C:\\dev\\Unifiedtransform\\vendor\\symfony\\console\\Application.php(264): Symfony\\Component\\Console\\Application->doRunCommand(Object(Illuminate\\Database\\Console\\Migrations\\MigrateCommand), Object(Symfony\\Component\\Console\\Input\\ArgvInput), Object(Symfony\\Component\\Console\\Output\\ConsoleOutput))
#20 C:\\dev\\Unifiedtransform\\vendor\\symfony\\console\\Application.php(140): Symfony\\Component\\Console\\Application->doRun(Object(Symfony\\Component\\Console\\Input\\ArgvInput), Object(Symfony\\Component\\Console\\Output\\ConsoleOutput))
#21 C:\\dev\\Unifiedtransform\\vendor\\laravel\\framework\\src\\Illuminate\\Console\\Application.php(93): Symfony\\Component\\Console\\Application->run(Object(Symfony\\Component\\Console\\Input\\ArgvInput), Object(Symfony\\Component\\Console\\Output\\ConsoleOutput))
#22 C:\\dev\\Unifiedtransform\\vendor\\laravel\\framework\\src\\Illuminate\\Foundation\\Console\\Kernel.php(129): Illuminate\\Console\\Application->run(Object(Symfony\\Component\\Console\\Input\\ArgvInput), Object(Symfony\\Component\\Console\\Output\\ConsoleOutput))
#23 C:\\dev\\Unifiedtransform\\artisan(37): Illuminate\\Foundation\\Console\\Kernel->handle(Object(Symfony\\Component\\Console\\Input\\ArgvInput), Object(Symfony\\Component\\Console\\Output\\ConsoleOutput))
#24 {main}

[previous exception] [object] (Doctrine\\DBAL\\Driver\\PDOException(code: 0): could not find driver at C:\\dev\\Unifiedtransform\\vendor\\doctrine\\dbal\\lib\\Doctrine\\DBAL\\Driver\\PDOConnection.php:31)
[stacktrace]
#0 C:\\dev\\Unifiedtransform\\vendor\\laravel\\framework\\src\\Illuminate\\Database\\Connectors\\Connector.php(67): Doctrine\\DBAL\\Driver\\PDOConnection->__construct('mysql:host=127....', 'root', 'wow0sm', Array)
#1 C:\\dev\\Unifiedtransform\\vendor\\laravel\\framework\\src\\Illuminate\\Database\\Connectors\\Connector.php(46): Illuminate\\Database\\Connectors\\Connector->createPdoConnection('mysql:host=127....', 'root', 'wow0sm', Array)
#2 C:\\dev\\Unifiedtransform\\vendor\\laravel\\framework\\src\\Illuminate\\Database\\Connectors\\MySqlConnector.php(24): Illuminate\\Database\\Connectors\\Connector->createConnection('mysql:host=127....', Array, Array)
#3 C:\\dev\\Unifiedtransform\\vendor\\laravel\\framework\\src\\Illuminate\\Database\\Connectors\\ConnectionFactory.php(182): Illuminate\\Database\\Connectors\\MySqlConnector->connect(Array)
#4 [internal function]: Illuminate\\Database\\Connectors\\ConnectionFactory->Illuminate\\Database\\Connectors\\{closure}()
#5 C:\\dev\\Unifiedtransform\\vendor\\laravel\\framework\\src\\Illuminate\\Database\\Connection.php(926): call_user_func(Object(Closure))
#6 C:\\dev\\Unifiedtransform\\vendor\\laravel\\framework\\src\\Illuminate\\Database\\Connection.php(961): Illuminate\\Database\\Connection->getPdo()
#7 C:\\dev\\Unifiedtransform\\vendor\\laravel\\framework\\src\\Illuminate\\Database\\Connection.php(405): Illuminate\\Database\\Connection->getReadPdo()
#8 C:\\dev\\Unifiedtransform\\vendor\\laravel\\framework\\src\\Illuminate\\Database\\Connection.php(331): Illuminate\\Database\\Connection->getPdoForSelect(true)
#9 C:\\dev\\Unifiedtransform\\vendor\\laravel\\framework\\src\\Illuminate\\Database\\Connection.php(664): Illuminate\\Database\\Connection->Illuminate\\Database\\{closure}('select * from i...', Array)
#10 C:\\dev\\Unifiedtransform\\vendor\\laravel\\framework\\src\\Illuminate\\Database\\Connection.php(631): Illuminate\\Database\\Connection->runQueryCallback('select * from i...', Array, Object(Closure))
#11 C:\\dev\\Unifiedtransform\\vendor\\laravel\\framework\\src\\Illuminate\\Database\\Connection.php(339): Illuminate\\Database\\Connection->run('select * from i...', Array, Object(Closure))
#12 C:\\dev\\Unifiedtransform\\vendor\\laravel\\framework\\src\\Illuminate\\Database\\Schema\\MySqlBuilder.php(18): Illuminate\\Database\\Connection->select('select * from i...', Array)
#13 C:\\dev\\Unifiedtransform\\vendor\\laravel\\framework\\src\\Illuminate\\Database\\Migrations\\DatabaseMigrationRepository.php(169): Illuminate\\Database\\Schema\\MySqlBuilder->hasTable('migrations')
#14 C:\\dev\\Unifiedtransform\\vendor\\laravel\\framework\\src\\Illuminate\\Database\\Migrations\\Migrator.php(608): Illuminate\\Database\\Migrations\\DatabaseMigrationRepository->repositoryExists()
#15 C:\\dev\\Unifiedtransform\\vendor\\laravel\\framework\\src\\Illuminate\\Database\\Console\\Migrations\\MigrateCommand.php(93): Illuminate\\Database\\Migrations\\Migrator->repositoryExists()
#16 C:\\dev\\Unifiedtransform\\vendor\\laravel\\framework\\src\\Illuminate\\Database\\Console\\Migrations\\MigrateCommand.php(64): Illuminate\\Database\\Console\\Migrations\\MigrateCommand->prepareDatabase()
#17 C:\\dev\\Unifiedtransform\\vendor\\laravel\\framework\\src\\Illuminate\\Database\\Migrations\\Migrator.php(541): Illuminate\\Database\\Console\\Migrations\\MigrateCommand->Illuminate\\Database\\Console\\Migrations\\{closure}()
#18 C:\\dev\\Unifiedtransform\\vendor\\laravel\\framework\\src\\Illuminate\\Database\\Console\\Migrations\\MigrateCommand.php(81): Illuminate\\Database\\Migrations\\Migrator->usingConnection(NULL, Object(Closure))
#19 [internal function]: Illuminate\\Database\\Console\\Migrations\\MigrateCommand->handle()
#20 C:\\dev\\Unifiedtransform\\vendor\\laravel\\framework\\src\\Illuminate\\Container\\BoundMethod.php(33): call_user_func_array(Array, Array)
#21 C:\\dev\\Unifiedtransform\\vendor\\laravel\\framework\\src\\Illuminate\\Container\\Util.php(36): Illuminate\\Container\\BoundMethod::Illuminate\\Container\\{closure}()
#22 C:\\dev\\Unifiedtransform\\vendor\\laravel\\framework\\src\\Illuminate\\Container\\BoundMethod.php(91): Illuminate\\Container\\Util::unwrapIfClosure(Object(Closure))
#23 C:\\dev\\Unifiedtransform\\vendor\\laravel\\framework\\src\\Illuminate\\Container\\BoundMethod.php(35): Illuminate\\Container\\BoundMethod::callBoundMethod(Object(Illuminate\\Foundation\\Application), Array, Object(Closure))
#24 C:\\dev\\Unifiedtransform\\vendor\\laravel\\framework\\src\\Illuminate\\Container\\Container.php(592): Illuminate\\Container\\BoundMethod::call(Object(Illuminate\\Foundation\\Application), Array, Array, NULL)
#25 C:\\dev\\Unifiedtransform\\vendor\\laravel\\framework\\src\\Illuminate\\Console\\Command.php(134): Illuminate\\Container\\Container->call(Array)
#26 C:\\dev\\Unifiedtransform\\vendor\\symfony\\console\\Command\\Command.php(255): Illuminate\\Console\\Command->execute(Object(Symfony\\Component\\Console\\Input\\ArgvInput), Object(Illuminate\\Console\\OutputStyle))
#27 C:\\dev\\Unifiedtransform\\vendor\\laravel\\framework\\src\\Illuminate\\Console\\Command.php(121): Symfony\\Component\\Console\\Command\\Command->run(Object(Symfony\\Component\\Console\\Input\\ArgvInput), Object(Illuminate\\Console\\OutputStyle))
#28 C:\\dev\\Unifiedtransform\\vendor\\symfony\\console\\Application.php(912): Illuminate\\Console\\Command->run(Object(Symfony\\Component\\Console\\Input\\ArgvInput), Object(Symfony\\Component\\Console\\Output\\ConsoleOutput))
#29 C:\\dev\\Unifiedtransform\\vendor\\symfony\\console\\Application.php(264): Symfony\\Component\\Console\\Application->doRunCommand(Object(Illuminate\\Database\\Console\\Migrations\\MigrateCommand), Object(Symfony\\Component\\Console\\Input\\ArgvInput), Object(Symfony\\Component\\Console\\Output\\ConsoleOutput))
#30 C:\\dev\\Unifiedtransform\\vendor\\symfony\\console\\Application.php(140): Symfony\\Component\\Console\\Application->doRun(Object(Symfony\\Component\\Console\\Input\\ArgvInput), Object(Symfony\\Component\\Console\\Output\\ConsoleOutput))
#31 C:\\dev\\Unifiedtransform\\vendor\\laravel\\framework\\src\\Illuminate\\Console\\Application.php(93): Symfony\\Component\\Console\\Application->run(Object(Symfony\\Component\\Console\\Input\\ArgvInput), Object(Symfony\\Component\\Console\\Output\\ConsoleOutput))
#32 C:\\dev\\Unifiedtransform\\vendor\\laravel\\framework\\src\\Illuminate\\Foundation\\Console\\Kernel.php(129): Illuminate\\Console\\Application->run(Object(Symfony\\Component\\Console\\Input\\ArgvInput), Object(Symfony\\Component\\Console\\Output\\ConsoleOutput))
#33 C:\\dev\\Unifiedtransform\\artisan(37): Illuminate\\Foundation\\Console\\Kernel->handle(Object(Symfony\\Component\\Console\\Input\\ArgvInput), Object(Symfony\\Component\\Console\\Output\\ConsoleOutput))
#34 {main}

[previous exception] [object] (PDOException(code: 0): could not find driver at C:\\dev\\Unifiedtransform\\vendor\\doctrine\\dbal\\lib\\Doctrine\\DBAL\\Driver\\PDOConnection.php:27)
[stacktrace]
#0 C:\\dev\\Unifiedtransform\\vendor\\doctrine\\dbal\\lib\\Doctrine\\DBAL\\Driver\\PDOConnection.php(27): PDO->__construct('mysql:host=127....', 'root', 'wow0sm', Array)
#1 C:\\dev\\Unifiedtransform\\vendor\\laravel\\framework\\src\\Illuminate\\Database\\Connectors\\Connector.php(67): Doctrine\\DBAL\\Driver\\PDOConnection->__construct('mysql:host=127....', 'root', 'wow0sm', Array)
#2 C:\\dev\\Unifiedtransform\\vendor\\laravel\\framework\\src\\Illuminate\\Database\\Connectors\\Connector.php(46): Illuminate\\Database\\Connectors\\Connector->createPdoConnection('mysql:host=127....', 'root', 'wow0sm', Array)
#3 C:\\dev\\Unifiedtransform\\vendor\\laravel\\framework\\src\\Illuminate\\Database\\Connectors\\MySqlConnector.php(24): Illuminate\\Database\\Connectors\\Connector->createConnection('mysql:host=127....', Array, Array)
#4 C:\\dev\\Unifiedtransform\\vendor\\laravel\\framework\\src\\Illuminate\\Database\\Connectors\\ConnectionFactory.php(182): Illuminate\\Database\\Connectors\\MySqlConnector->connect(Array)
#5 [internal function]: Illuminate\\Database\\Connectors\\ConnectionFactory->Illuminate\\Database\\Connectors\\{closure}()
#6 C:\\dev\\Unifiedtransform\\vendor\\laravel\\framework\\src\\Illuminate\\Database\\Connection.php(926): call_user_func(Object(Closure))
#7 C:\\dev\\Unifiedtransform\\vendor\\laravel\\framework\\src\\Illuminate\\Database\\Connection.php(961): Illuminate\\Database\\Connection->getPdo()
#8 C:\\dev\\Unifiedtransform\\vendor\\laravel\\framework\\src\\Illuminate\\Database\\Connection.php(405): Illuminate\\Database\\Connection->getReadPdo()
#9 C:\\dev\\Unifiedtransform\\vendor\\laravel\\framework\\src\\Illuminate\\Database\\Connection.php(331): Illuminate\\Database\\Connection->getPdoForSelect(true)
#10 C:\\dev\\Unifiedtransform\\vendor\\laravel\\framework\\src\\Illuminate\\Database\\Connection.php(664): Illuminate\\Database\\Connection->Illuminate\\Database\\{closure}('select * from i...', Array)
#11 C:\\dev\\Unifiedtransform\\vendor\\laravel\\framework\\src\\Illuminate\\Database\\Connection.php(631): Illuminate\\Database\\Connection->runQueryCallback('select * from i...', Array, Object(Closure))
#12 C:\\dev\\Unifiedtransform\\vendor\\laravel\\framework\\src\\Illuminate\\Database\\Connection.php(339): Illuminate\\Database\\Connection->run('select * from i...', Array, Object(Closure))
#13 C:\\dev\\Unifiedtransform\\vendor\\laravel\\framework\\src\\Illuminate\\Database\\Schema\\MySqlBuilder.php(18): Illuminate\\Database\\Connection->select('select * from i...', Array)
#14 C:\\dev\\Unifiedtransform\\vendor\\laravel\\framework\\src\\Illuminate\\Database\\Migrations\\DatabaseMigrationRepository.php(169): Illuminate\\Database\\Schema\\MySqlBuilder->hasTable('migrations')
#15 C:\\dev\\Unifiedtransform\\vendor\\laravel\\framework\\src\\Illuminate\\Database\\Migrations\\Migrator.php(608): Illuminate\\Database\\Migrations\\DatabaseMigrationRepository->repositoryExists()
#16 C:\\dev\\Unifiedtransform\\vendor\\laravel\\framework\\src\\Illuminate\\Database\\Console\\Migrations\\MigrateCommand.php(93): Illuminate\\Database\\Migrations\\Migrator->repositoryExists()
#17 C:\\dev\\Unifiedtransform\\vendor\\laravel\\framework\\src\\Illuminate\\Database\\Console\\Migrations\\MigrateCommand.php(64): Illuminate\\Database\\Console\\Migrations\\MigrateCommand->prepareDatabase()
#18 C:\\dev\\Unifiedtransform\\vendor\\laravel\\framework\\src\\Illuminate\\Database\\Migrations\\Migrator.php(541): Illuminate\\Database\\Console\\Migrations\\MigrateCommand->Illuminate\\Database\\Console\\Migrations\\{closure}()
#19 C:\\dev\\Unifiedtransform\\vendor\\laravel\\framework\\src\\Illuminate\\Database\\Console\\Migrations\\MigrateCommand.php(81): Illuminate\\Database\\Migrations\\Migrator->usingConnection(NULL, Object(Closure))
#20 [internal function]: Illuminate\\Database\\Console\\Migrations\\MigrateCommand->handle()
#21 C:\\dev\\Unifiedtransform\\vendor\\laravel\\framework\\src\\Illuminate\\Container\\BoundMethod.php(33): call_user_func_array(Array, Array)
#22 C:\\dev\\Unifiedtransform\\vendor\\laravel\\framework\\src\\Illuminate\\Container\\Util.php(36): Illuminate\\Container\\BoundMethod::Illuminate\\Container\\{closure}()
#23 C:\\dev\\Unifiedtransform\\vendor\\laravel\\framework\\src\\Illuminate\\Container\\BoundMethod.php(91): Illuminate\\Container\\Util::unwrapIfClosure(Object(Closure))
#24 C:\\dev\\Unifiedtransform\\vendor\\laravel\\framework\\src\\Illuminate\\Container\\BoundMethod.php(35): Illuminate\\Container\\BoundMethod::callBoundMethod(Object(Illuminate\\Foundation\\Application), Array, Object(Closure))
#25 C:\\dev\\Unifiedtransform\\vendor\\laravel\\framework\\src\\Illuminate\\Container\\Container.php(592): Illuminate\\Container\\BoundMethod::call(Object(Illuminate\\Foundation\\Application), Array, Array, NULL)
#26 C:\\dev\\Unifiedtransform\\vendor\\laravel\\framework\\src\\Illuminate\\Console\\Command.php(134): Illuminate\\Container\\Container->call(Array)
#27 C:\\dev\\Unifiedtransform\\vendor\\symfony\\console\\Command\\Command.php(255): Illuminate\\Console\\Command->execute(Object(Symfony\\Component\\Console\\Input\\ArgvInput), Object(Illuminate\\Console\\OutputStyle))
#28 C:\\dev\\Unifiedtransform\\vendor\\laravel\\framework\\src\\Illuminate\\Console\\Command.php(121): Symfony\\Component\\Console\\Command\\Command->run(Object(Symfony\\Component\\Console\\Input\\ArgvInput), Object(Illuminate\\Console\\OutputStyle))
#29 C:\\dev\\Unifiedtransform\\vendor\\symfony\\console\\Application.php(912): Illuminate\\Console\\Command->run(Object(Symfony\\Component\\Console\\Input\\ArgvInput), Object(Symfony\\Component\\Console\\Output\\ConsoleOutput))
#30 C:\\dev\\Unifiedtransform\\vendor\\symfony\\console\\Application.php(264): Symfony\\Component\\Console\\Application->doRunCommand(Object(Illuminate\\Database\\Console\\Migrations\\MigrateCommand), Object(Symfony\\Component\\Console\\Input\\ArgvInput), Object(Symfony\\Component\\Console\\Output\\ConsoleOutput))
#31 C:\\dev\\Unifiedtransform\\vendor\\symfony\\console\\Application.php(140): Symfony\\Component\\Console\\Application->doRun(Object(Symfony\\Component\\Console\\Input\\ArgvInput), Object(Symfony\\Component\\Console\\Output\\ConsoleOutput))
#32 C:\\dev\\Unifiedtransform\\vendor\\laravel\\framework\\src\\Illuminate\\Console\\Application.php(93): Symfony\\Component\\Console\\Application->run(Object(Symfony\\Component\\Console\\Input\\ArgvInput), Object(Symfony\\Component\\Console\\Output\\ConsoleOutput))
#33 C:\\dev\\Unifiedtransform\\vendor\\laravel\\framework\\src\\Illuminate\\Foundation\\Console\\Kernel.php(129): Illuminate\\Console\\Application->run(Object(Symfony\\Component\\Console\\Input\\ArgvInput), Object(Symfony\\Component\\Console\\Output\\ConsoleOutput))
#34 C:\\dev\\Unifiedtransform\\artisan(37): Illuminate\\Foundation\\Console\\Kernel->handle(Object(Symfony\\Component\\Console\\Input\\ArgvInput), Object(Symfony\\Component\\Console\\Output\\ConsoleOutput))
#35 {main}
"} 
[2020-05-28 22:06:06] laravel.EMERGENCY: Unable to create configured logger. Using emergency logger. {"exception":"[object] (InvalidArgumentException(code: 0): Log [] is not defined. at C:\\dev\\Unifiedtransform\\vendor\\laravel\\framework\\src\\Illuminate\\Log\\LogManager.php:192)
[stacktrace]
#0 C:\\dev\\Unifiedtransform\\vendor\\laravel\\framework\\src\\Illuminate\\Log\\LogManager.php(118): Illuminate\\Log\\LogManager->resolve(NULL)
#1 C:\\dev\\Unifiedtransform\\vendor\\laravel\\framework\\src\\Illuminate\\Log\\LogManager.php(98): Illuminate\\Log\\LogManager->get(NULL)
#2 C:\\dev\\Unifiedtransform\\vendor\\laravel\\framework\\src\\Illuminate\\Log\\LogManager.php(547): Illuminate\\Log\\LogManager->driver()
#3 C:\\dev\\Unifiedtransform\\vendor\\laravel\\framework\\src\\Illuminate\\Foundation\\Exceptions\\Handler.php(122): Illuminate\\Log\\LogManager->error('could not find ...', Array)
#4 C:\\dev\\Unifiedtransform\\app\\Exceptions\\Handler.php(39): Illuminate\\Foundation\\Exceptions\\Handler->report(Object(Illuminate\\Database\\QueryException))
#5 C:\\dev\\Unifiedtransform\\vendor\
unomaduro\\collision\\src\\Adapters\\Laravel\\ExceptionHandler.php(57): App\\Exceptions\\Handler->report(Object(Illuminate\\Database\\QueryException))
#6 C:\\dev\\Unifiedtransform\\vendor\\laravel\\framework\\src\\Illuminate\\Foundation\\Console\\Kernel.php(366): NunoMaduro\\Collision\\Adapters\\Laravel\\ExceptionHandler->report(Object(Illuminate\\Database\\QueryException))
#7 C:\\dev\\Unifiedtransform\\vendor\\laravel\\framework\\src\\Illuminate\\Foundation\\Console\\Kernel.php(131): Illuminate\\Foundation\\Console\\Kernel->reportException(Object(Illuminate\\Database\\QueryException))
#8 C:\\dev\\Unifiedtransform\\artisan(37): Illuminate\\Foundation\\Console\\Kernel->handle(Object(Symfony\\Component\\Console\\Input\\ArgvInput), Object(Symfony\\Component\\Console\\Output\\ConsoleOutput))
#9 {main}
"} 
[2020-05-28 22:06:06] laravel.ERROR: could not find driver (SQL: select * from information_schema.tables where table_schema = unified and table_name = migrations and table_type = 'BASE TABLE') {"exception":"[object] (Illuminate\\Database\\QueryException(code: 0): could not find driver (SQL: select * from information_schema.tables where table_schema = unified and table_name = migrations and table_type = 'BASE TABLE') at C:\\dev\\Unifiedtransform\\vendor\\laravel\\framework\\src\\Illuminate\\Database\\Connection.php:671)
[stacktrace]
#0 C:\\dev\\Unifiedtransform\\vendor\\laravel\\framework\\src\\Illuminate\\Database\\Connection.php(631): Illuminate\\Database\\Connection->runQueryCallback('select * from i...', Array, Object(Closure))
#1 C:\\dev\\Unifiedtransform\\vendor\\laravel\\framework\\src\\Illuminate\\Database\\Connection.php(339): Illuminate\\Database\\Connection->run('select * from i...', Array, Object(Closure))
#2 C:\\dev\\Unifiedtransform\\vendor\\laravel\\framework\\src\\Illuminate\\Database\\Schema\\MySqlBuilder.php(18): Illuminate\\Database\\Connection->select('select * from i...', Array)
#3 C:\\dev\\Unifiedtransform\\vendor\\laravel\\framework\\src\\Illuminate\\Database\\Migrations\\DatabaseMigrationRepository.php(169): Illuminate\\Database\\Schema\\MySqlBuilder->hasTable('migrations')
#4 C:\\dev\\Unifiedtransform\\vendor\\laravel\\framework\\src\\Illuminate\\Database\\Migrations\\Migrator.php(608): Illuminate\\Database\\Migrations\\DatabaseMigrationRepository->repositoryExists()
#5 C:\\dev\\Unifiedtransform\\vendor\\laravel\\framework\\src\\Illuminate\\Database\\Console\\Migrations\\MigrateCommand.php(93): Illuminate\\Database\\Migrations\\Migrator->repositoryExists()
#6 C:\\dev\\Unifiedtransform\\vendor\\laravel\\framework\\src\\Illuminate\\Database\\Console\\Migrations\\MigrateCommand.php(64): Illuminate\\Database\\Console\\Migrations\\MigrateCommand->prepareDatabase()
#7 C:\\dev\\Unifiedtransform\\vendor\\laravel\\framework\\src\\Illuminate\\Database\\Migrations\\Migrator.php(541): Illuminate\\Database\\Console\\Migrations\\MigrateCommand->Illuminate\\Database\\Console\\Migrations\\{closure}()
#8 C:\\dev\\Unifiedtransform\\vendor\\laravel\\framework\\src\\Illuminate\\Database\\Console\\Migrations\\MigrateCommand.php(81): Illuminate\\Database\\Migrations\\Migrator->usingConnection(NULL, Object(Closure))
#9 [internal function]: Illuminate\\Database\\Console\\Migrations\\MigrateCommand->handle()
#10 C:\\dev\\Unifiedtransform\\vendor\\laravel\\framework\\src\\Illuminate\\Container\\BoundMethod.php(33): call_user_func_array(Array, Array)
#11 C:\\dev\\Unifiedtransform\\vendor\\laravel\\framework\\src\\Illuminate\\Container\\Util.php(36): Illuminate\\Container\\BoundMethod::Illuminate\\Container\\{closure}()
#12 C:\\dev\\Unifiedtransform\\vendor\\laravel\\framework\\src\\Illuminate\\Container\\BoundMethod.php(91): Illuminate\\Container\\Util::unwrapIfClosure(Object(Closure))
#13 C:\\dev\\Unifiedtransform\\vendor\\laravel\\framework\\src\\Illuminate\\Container\\BoundMethod.php(35): Illuminate\\Container\\BoundMethod::callBoundMethod(Object(Illuminate\\Foundation\\Application), Array, Object(Closure))
#14 C:\\dev\\Unifiedtransform\\vendor\\laravel\\framework\\src\\Illuminate\\Container\\Container.php(592): Illuminate\\Container\\BoundMethod::call(Object(Illuminate\\Foundation\\Application), Array, Array, NULL)
#15 C:\\dev\\Unifiedtransform\\vendor\\laravel\\framework\\src\\Illuminate\\Console\\Command.php(134): Illuminate\\Container\\Container->call(Array)
#16 C:\\dev\\Unifiedtransform\\vendor\\symfony\\console\\Command\\Command.php(255): Illuminate\\Console\\Command->execute(Object(Symfony\\Component\\Console\\Input\\ArgvInput), Object(Illuminate\\Console\\OutputStyle))
#17 C:\\dev\\Unifiedtransform\\vendor\\laravel\\framework\\src\\Illuminate\\Console\\Command.php(121): Symfony\\Component\\Console\\Command\\Command->run(Object(Symfony\\Component\\Console\\Input\\ArgvInput), Object(Illuminate\\Console\\OutputStyle))
#18 C:\\dev\\Unifiedtransform\\vendor\\symfony\\console\\Application.php(912): Illuminate\\Console\\Command->run(Object(Symfony\\Component\\Console\\Input\\ArgvInput), Object(Symfony\\Component\\Console\\Output\\ConsoleOutput))
#19 C:\\dev\\Unifiedtransform\\vendor\\symfony\\console\\Application.php(264): Symfony\\Component\\Console\\Application->doRunCommand(Object(Illuminate\\Database\\Console\\Migrations\\MigrateCommand), Object(Symfony\\Component\\Console\\Input\\ArgvInput), Object(Symfony\\Component\\Console\\Output\\ConsoleOutput))
#20 C:\\dev\\Unifiedtransform\\vendor\\symfony\\console\\Application.php(140): Symfony\\Component\\Console\\Application->doRun(Object(Symfony\\Component\\Console\\Input\\ArgvInput), Object(Symfony\\Component\\Console\\Output\\ConsoleOutput))
#21 C:\\dev\\Unifiedtransform\\vendor\\laravel\\framework\\src\\Illuminate\\Console\\Application.php(93): Symfony\\Component\\Console\\Application->run(Object(Symfony\\Component\\Console\\Input\\ArgvInput), Object(Symfony\\Component\\Console\\Output\\ConsoleOutput))
#22 C:\\dev\\Unifiedtransform\\vendor\\laravel\\framework\\src\\Illuminate\\Foundation\\Console\\Kernel.php(129): Illuminate\\Console\\Application->run(Object(Symfony\\Component\\Console\\Input\\ArgvInput), Object(Symfony\\Component\\Console\\Output\\ConsoleOutput))
#23 C:\\dev\\Unifiedtransform\\artisan(37): Illuminate\\Foundation\\Console\\Kernel->handle(Object(Symfony\\Component\\Console\\Input\\ArgvInput), Object(Symfony\\Component\\Console\\Output\\ConsoleOutput))
#24 {main}

[previous exception] [object] (Doctrine\\DBAL\\Driver\\PDOException(code: 0): could not find driver at C:\\dev\\Unifiedtransform\\vendor\\doctrine\\dbal\\lib\\Doctrine\\DBAL\\Driver\\PDOConnection.php:31)
[stacktrace]
#0 C:\\dev\\Unifiedtransform\\vendor\\laravel\\framework\\src\\Illuminate\\Database\\Connectors\\Connector.php(67): Doctrine\\DBAL\\Driver\\PDOConnection->__construct('mysql:host=127....', 'root', 'wow0sm', Array)
#1 C:\\dev\\Unifiedtransform\\vendor\\laravel\\framework\\src\\Illuminate\\Database\\Connectors\\Connector.php(46): Illuminate\\Database\\Connectors\\Connector->createPdoConnection('mysql:host=127....', 'root', 'wow0sm', Array)
#2 C:\\dev\\Unifiedtransform\\vendor\\laravel\\framework\\src\\Illuminate\\Database\\Connectors\\MySqlConnector.php(24): Illuminate\\Database\\Connectors\\Connector->createConnection('mysql:host=127....', Array, Array)
#3 C:\\dev\\Unifiedtransform\\vendor\\laravel\\framework\\src\\Illuminate\\Database\\Connectors\\ConnectionFactory.php(182): Illuminate\\Database\\Connectors\\MySqlConnector->connect(Array)
#4 [internal function]: Illuminate\\Database\\Connectors\\ConnectionFactory->Illuminate\\Database\\Connectors\\{closure}()
#5 C:\\dev\\Unifiedtransform\\vendor\\laravel\\framework\\src\\Illuminate\\Database\\Connection.php(926): call_user_func(Object(Closure))
#6 C:\\dev\\Unifiedtransform\\vendor\\laravel\\framework\\src\\Illuminate\\Database\\Connection.php(961): Illuminate\\Database\\Connection->getPdo()
#7 C:\\dev\\Unifiedtransform\\vendor\\laravel\\framework\\src\\Illuminate\\Database\\Connection.php(405): Illuminate\\Database\\Connection->getReadPdo()
#8 C:\\dev\\Unifiedtransform\\vendor\\laravel\\framework\\src\\Illuminate\\Database\\Connection.php(331): Illuminate\\Database\\Connection->getPdoForSelect(true)
#9 C:\\dev\\Unifiedtransform\\vendor\\laravel\\framework\\src\\Illuminate\\Database\\Connection.php(664): Illuminate\\Database\\Connection->Illuminate\\Database\\{closure}('select * from i...', Array)
#10 C:\\dev\\Unifiedtransform\\vendor\\laravel\\framework\\src\\Illuminate\\Database\\Connection.php(631): Illuminate\\Database\\Connection->runQueryCallback('select * from i...', Array, Object(Closure))
#11 C:\\dev\\Unifiedtransform\\vendor\\laravel\\framework\\src\\Illuminate\\Database\\Connection.php(339): Illuminate\\Database\\Connection->run('select * from i...', Array, Object(Closure))
#12 C:\\dev\\Unifiedtransform\\vendor\\laravel\\framework\\src\\Illuminate\\Database\\Schema\\MySqlBuilder.php(18): Illuminate\\Database\\Connection->select('select * from i...', Array)
#13 C:\\dev\\Unifiedtransform\\vendor\\laravel\\framework\\src\\Illuminate\\Database\\Migrations\\DatabaseMigrationRepository.php(169): Illuminate\\Database\\Schema\\MySqlBuilder->hasTable('migrations')
#14 C:\\dev\\Unifiedtransform\\vendor\\laravel\\framework\\src\\Illuminate\\Database\\Migrations\\Migrator.php(608): Illuminate\\Database\\Migrations\\DatabaseMigrationRepository->repositoryExists()
#15 C:\\dev\\Unifiedtransform\\vendor\\laravel\\framework\\src\\Illuminate\\Database\\Console\\Migrations\\MigrateCommand.php(93): Illuminate\\Database\\Migrations\\Migrator->repositoryExists()
#16 C:\\dev\\Unifiedtransform\\vendor\\laravel\\framework\\src\\Illuminate\\Database\\Console\\Migrations\\MigrateCommand.php(64): Illuminate\\Database\\Console\\Migrations\\MigrateCommand->prepareDatabase()
#17 C:\\dev\\Unifiedtransform\\vendor\\laravel\\framework\\src\\Illuminate\\Database\\Migrations\\Migrator.php(541): Illuminate\\Database\\Console\\Migrations\\MigrateCommand->Illuminate\\Database\\Console\\Migrations\\{closure}()
#18 C:\\dev\\Unifiedtransform\\vendor\\laravel\\framework\\src\\Illuminate\\Database\\Console\\Migrations\\MigrateCommand.php(81): Illuminate\\Database\\Migrations\\Migrator->usingConnection(NULL, Object(Closure))
#19 [internal function]: Illuminate\\Database\\Console\\Migrations\\MigrateCommand->handle()
#20 C:\\dev\\Unifiedtransform\\vendor\\laravel\\framework\\src\\Illuminate\\Container\\BoundMethod.php(33): call_user_func_array(Array, Array)
#21 C:\\dev\\Unifiedtransform\\vendor\\laravel\\framework\\src\\Illuminate\\Container\\Util.php(36): Illuminate\\Container\\BoundMethod::Illuminate\\Container\\{closure}()
#22 C:\\dev\\Unifiedtransform\\vendor\\laravel\\framework\\src\\Illuminate\\Container\\BoundMethod.php(91): Illuminate\\Container\\Util::unwrapIfClosure(Object(Closure))
#23 C:\\dev\\Unifiedtransform\\vendor\\laravel\\framework\\src\\Illuminate\\Container\\BoundMethod.php(35): Illuminate\\Container\\BoundMethod::callBoundMethod(Object(Illuminate\\Foundation\\Application), Array, Object(Closure))
#24 C:\\dev\\Unifiedtransform\\vendor\\laravel\\framework\\src\\Illuminate\\Container\\Container.php(592): Illuminate\\Container\\BoundMethod::call(Object(Illuminate\\Foundation\\Application), Array, Array, NULL)
#25 C:\\dev\\Unifiedtransform\\vendor\\laravel\\framework\\src\\Illuminate\\Console\\Command.php(134): Illuminate\\Container\\Container->call(Array)
#26 C:\\dev\\Unifiedtransform\\vendor\\symfony\\console\\Command\\Command.php(255): Illuminate\\Console\\Command->execute(Object(Symfony\\Component\\Console\\Input\\ArgvInput), Object(Illuminate\\Console\\OutputStyle))
#27 C:\\dev\\Unifiedtransform\\vendor\\laravel\\framework\\src\\Illuminate\\Console\\Command.php(121): Symfony\\Component\\Console\\Command\\Command->run(Object(Symfony\\Component\\Console\\Input\\ArgvInput), Object(Illuminate\\Console\\OutputStyle))
#28 C:\\dev\\Unifiedtransform\\vendor\\symfony\\console\\Application.php(912): Illuminate\\Console\\Command->run(Object(Symfony\\Component\\Console\\Input\\ArgvInput), Object(Symfony\\Component\\Console\\Output\\ConsoleOutput))
#29 C:\\dev\\Unifiedtransform\\vendor\\symfony\\console\\Application.php(264): Symfony\\Component\\Console\\Application->doRunCommand(Object(Illuminate\\Database\\Console\\Migrations\\MigrateCommand), Object(Symfony\\Component\\Console\\Input\\ArgvInput), Object(Symfony\\Component\\Console\\Output\\ConsoleOutput))
#30 C:\\dev\\Unifiedtransform\\vendor\\symfony\\console\\Application.php(140): Symfony\\Component\\Console\\Application->doRun(Object(Symfony\\Component\\Console\\Input\\ArgvInput), Object(Symfony\\Component\\Console\\Output\\ConsoleOutput))
#31 C:\\dev\\Unifiedtransform\\vendor\\laravel\\framework\\src\\Illuminate\\Console\\Application.php(93): Symfony\\Component\\Console\\Application->run(Object(Symfony\\Component\\Console\\Input\\ArgvInput), Object(Symfony\\Component\\Console\\Output\\ConsoleOutput))
#32 C:\\dev\\Unifiedtransform\\vendor\\laravel\\framework\\src\\Illuminate\\Foundation\\Console\\Kernel.php(129): Illuminate\\Console\\Application->run(Object(Symfony\\Component\\Console\\Input\\ArgvInput), Object(Symfony\\Component\\Console\\Output\\ConsoleOutput))
#33 C:\\dev\\Unifiedtransform\\artisan(37): Illuminate\\Foundation\\Console\\Kernel->handle(Object(Symfony\\Component\\Console\\Input\\ArgvInput), Object(Symfony\\Component\\Console\\Output\\ConsoleOutput))
#34 {main}

[previous exception] [object] (PDOException(code: 0): could not find driver at C:\\dev\\Unifiedtransform\\vendor\\doctrine\\dbal\\lib\\Doctrine\\DBAL\\Driver\\PDOConnection.php:27)
[stacktrace]
#0 C:\\dev\\Unifiedtransform\\vendor\\doctrine\\dbal\\lib\\Doctrine\\DBAL\\Driver\\PDOConnection.php(27): PDO->__construct('mysql:host=127....', 'root', 'wow0sm', Array)
#1 C:\\dev\\Unifiedtransform\\vendor\\laravel\\framework\\src\\Illuminate\\Database\\Connectors\\Connector.php(67): Doctrine\\DBAL\\Driver\\PDOConnection->__construct('mysql:host=127....', 'root', 'wow0sm', Array)
#2 C:\\dev\\Unifiedtransform\\vendor\\laravel\\framework\\src\\Illuminate\\Database\\Connectors\\Connector.php(46): Illuminate\\Database\\Connectors\\Connector->createPdoConnection('mysql:host=127....', 'root', 'wow0sm', Array)
#3 C:\\dev\\Unifiedtransform\\vendor\\laravel\\framework\\src\\Illuminate\\Database\\Connectors\\MySqlConnector.php(24): Illuminate\\Database\\Connectors\\Connector->createConnection('mysql:host=127....', Array, Array)
#4 C:\\dev\\Unifiedtransform\\vendor\\laravel\\framework\\src\\Illuminate\\Database\\Connectors\\ConnectionFactory.php(182): Illuminate\\Database\\Connectors\\MySqlConnector->connect(Array)
#5 [internal function]: Illuminate\\Database\\Connectors\\ConnectionFactory->Illuminate\\Database\\Connectors\\{closure}()
#6 C:\\dev\\Unifiedtransform\\vendor\\laravel\\framework\\src\\Illuminate\\Database\\Connection.php(926): call_user_func(Object(Closure))
#7 C:\\dev\\Unifiedtransform\\vendor\\laravel\\framework\\src\\Illuminate\\Database\\Connection.php(961): Illuminate\\Database\\Connection->getPdo()
#8 C:\\dev\\Unifiedtransform\\vendor\\laravel\\framework\\src\\Illuminate\\Database\\Connection.php(405): Illuminate\\Database\\Connection->getReadPdo()
#9 C:\\dev\\Unifiedtransform\\vendor\\laravel\\framework\\src\\Illuminate\\Database\\Connection.php(331): Illuminate\\Database\\Connection->getPdoForSelect(true)
#10 C:\\dev\\Unifiedtransform\\vendor\\laravel\\framework\\src\\Illuminate\\Database\\Connection.php(664): Illuminate\\Database\\Connection->Illuminate\\Database\\{closure}('select * from i...', Array)
#11 C:\\dev\\Unifiedtransform\\vendor\\laravel\\framework\\src\\Illuminate\\Database\\Connection.php(631): Illuminate\\Database\\Connection->runQueryCallback('select * from i...', Array, Object(Closure))
#12 C:\\dev\\Unifiedtransform\\vendor\\laravel\\framework\\src\\Illuminate\\Database\\Connection.php(339): Illuminate\\Database\\Connection->run('select * from i...', Array, Object(Closure))
#13 C:\\dev\\Unifiedtransform\\vendor\\laravel\\framework\\src\\Illuminate\\Database\\Schema\\MySqlBuilder.php(18): Illuminate\\Database\\Connection->select('select * from i...', Array)
#14 C:\\dev\\Unifiedtransform\\vendor\\laravel\\framework\\src\\Illuminate\\Database\\Migrations\\DatabaseMigrationRepository.php(169): Illuminate\\Database\\Schema\\MySqlBuilder->hasTable('migrations')
#15 C:\\dev\\Unifiedtransform\\vendor\\laravel\\framework\\src\\Illuminate\\Database\\Migrations\\Migrator.php(608): Illuminate\\Database\\Migrations\\DatabaseMigrationRepository->repositoryExists()
#16 C:\\dev\\Unifiedtransform\\vendor\\laravel\\framework\\src\\Illuminate\\Database\\Console\\Migrations\\MigrateCommand.php(93): Illuminate\\Database\\Migrations\\Migrator->repositoryExists()
#17 C:\\dev\\Unifiedtransform\\vendor\\laravel\\framework\\src\\Illuminate\\Database\\Console\\Migrations\\MigrateCommand.php(64): Illuminate\\Database\\Console\\Migrations\\MigrateCommand->prepareDatabase()
#18 C:\\dev\\Unifiedtransform\\vendor\\laravel\\framework\\src\\Illuminate\\Database\\Migrations\\Migrator.php(541): Illuminate\\Database\\Console\\Migrations\\MigrateCommand->Illuminate\\Database\\Console\\Migrations\\{closure}()
#19 C:\\dev\\Unifiedtransform\\vendor\\laravel\\framework\\src\\Illuminate\\Database\\Console\\Migrations\\MigrateCommand.php(81): Illuminate\\Database\\Migrations\\Migrator->usingConnection(NULL, Object(Closure))
#20 [internal function]: Illuminate\\Database\\Console\\Migrations\\MigrateCommand->handle()
#21 C:\\dev\\Unifiedtransform\\vendor\\laravel\\framework\\src\\Illuminate\\Container\\BoundMethod.php(33): call_user_func_array(Array, Array)
#22 C:\\dev\\Unifiedtransform\\vendor\\laravel\\framework\\src\\Illuminate\\Container\\Util.php(36): Illuminate\\Container\\BoundMethod::Illuminate\\Container\\{closure}()
#23 C:\\dev\\Unifiedtransform\\vendor\\laravel\\framework\\src\\Illuminate\\Container\\BoundMethod.php(91): Illuminate\\Container\\Util::unwrapIfClosure(Object(Closure))
#24 C:\\dev\\Unifiedtransform\\vendor\\laravel\\framework\\src\\Illuminate\\Container\\BoundMethod.php(35): Illuminate\\Container\\BoundMethod::callBoundMethod(Object(Illuminate\\Foundation\\Application), Array, Object(Closure))
#25 C:\\dev\\Unifiedtransform\\vendor\\laravel\\framework\\src\\Illuminate\\Container\\Container.php(592): Illuminate\\Container\\BoundMethod::call(Object(Illuminate\\Foundation\\Application), Array, Array, NULL)
#26 C:\\dev\\Unifiedtransform\\vendor\\laravel\\framework\\src\\Illuminate\\Console\\Command.php(134): Illuminate\\Container\\Container->call(Array)
#27 C:\\dev\\Unifiedtransform\\vendor\\symfony\\console\\Command\\Command.php(255): Illuminate\\Console\\Command->execute(Object(Symfony\\Component\\Console\\Input\\ArgvInput), Object(Illuminate\\Console\\OutputStyle))
#28 C:\\dev\\Unifiedtransform\\vendor\\laravel\\framework\\src\\Illuminate\\Console\\Command.php(121): Symfony\\Component\\Console\\Command\\Command->run(Object(Symfony\\Component\\Console\\Input\\ArgvInput), Object(Illuminate\\Console\\OutputStyle))
#29 C:\\dev\\Unifiedtransform\\vendor\\symfony\\console\\Application.php(912): Illuminate\\Console\\Command->run(Object(Symfony\\Component\\Console\\Input\\ArgvInput), Object(Symfony\\Component\\Console\\Output\\ConsoleOutput))
#30 C:\\dev\\Unifiedtransform\\vendor\\symfony\\console\\Application.php(264): Symfony\\Component\\Console\\Application->doRunCommand(Object(Illuminate\\Database\\Console\\Migrations\\MigrateCommand), Object(Symfony\\Component\\Console\\Input\\ArgvInput), Object(Symfony\\Component\\Console\\Output\\ConsoleOutput))
#31 C:\\dev\\Unifiedtransform\\vendor\\symfony\\console\\Application.php(140): Symfony\\Component\\Console\\Application->doRun(Object(Symfony\\Component\\Console\\Input\\ArgvInput), Object(Symfony\\Component\\Console\\Output\\ConsoleOutput))
#32 C:\\dev\\Unifiedtransform\\vendor\\laravel\\framework\\src\\Illuminate\\Console\\Application.php(93): Symfony\\Component\\Console\\Application->run(Object(Symfony\\Component\\Console\\Input\\ArgvInput), Object(Symfony\\Component\\Console\\Output\\ConsoleOutput))
#33 C:\\dev\\Unifiedtransform\\vendor\\laravel\\framework\\src\\Illuminate\\Foundation\\Console\\Kernel.php(129): Illuminate\\Console\\Application->run(Object(Symfony\\Component\\Console\\Input\\ArgvInput), Object(Symfony\\Component\\Console\\Output\\ConsoleOutput))
#34 C:\\dev\\Unifiedtransform\\artisan(37): Illuminate\\Foundation\\Console\\Kernel->handle(Object(Symfony\\Component\\Console\\Input\\ArgvInput), Object(Symfony\\Component\\Console\\Output\\ConsoleOutput))
#35 {main}
"} 
[2020-05-28 22:27:37] laravel.EMERGENCY: Unable to create configured logger. Using emergency logger. {"exception":"[object] (InvalidArgumentException(code: 0): Log [] is not defined. at C:\\dev\\Unifiedtransform\\vendor\\laravel\\framework\\src\\Illuminate\\Log\\LogManager.php:192)
[stacktrace]
#0 C:\\dev\\Unifiedtransform\\vendor\\laravel\\framework\\src\\Illuminate\\Log\\LogManager.php(118): Illuminate\\Log\\LogManager->resolve(NULL)
#1 C:\\dev\\Unifiedtransform\\vendor\\laravel\\framework\\src\\Illuminate\\Log\\LogManager.php(98): Illuminate\\Log\\LogManager->get(NULL)
#2 C:\\dev\\Unifiedtransform\\vendor\\laravel\\framework\\src\\Illuminate\\Log\\LogManager.php(630): Illuminate\\Log\\LogManager->driver()
#3 C:\\dev\\Unifiedtransform\\vendor\\barryvdh\\laravel-debugbar\\src\\LaravelDebugbar.php(272): Illuminate\\Log\\LogManager->__call('listen', Array)
#4 C:\\dev\\Unifiedtransform\\vendor\\barryvdh\\laravel-debugbar\\src\\Middleware\\InjectDebugbar.php(61): Barryvdh\\Debugbar\\LaravelDebugbar->boot()
#5 C:\\dev\\Unifiedtransform\\vendor\\laravel\\framework\\src\\Illuminate\\Pipeline\\Pipeline.php(167): Barryvdh\\Debugbar\\Middleware\\InjectDebugbar->handle(Object(Illuminate\\Http\\Request), Object(Closure))
#6 C:\\dev\\Unifiedtransform\\vendor\enatomarinho\\laravel-page-speed\\src\\Middleware\\PageSpeed.php(28): Illuminate\\Pipeline\\Pipeline->Illuminate\\Pipeline\\{closure}(Object(Illuminate\\Http\\Request))
#7 C:\\dev\\Unifiedtransform\\vendor\\laravel\\framework\\src\\Illuminate\\Pipeline\\Pipeline.php(167): RenatoMarinho\\LaravelPageSpeed\\Middleware\\PageSpeed->handle(Object(Illuminate\\Http\\Request), Object(Closure))
#8 C:\\dev\\Unifiedtransform\\vendor\enatomarinho\\laravel-page-speed\\src\\Middleware\\PageSpeed.php(28): Illuminate\\Pipeline\\Pipeline->Illuminate\\Pipeline\\{closure}(Object(Illuminate\\Http\\Request))
#9 C:\\dev\\Unifiedtransform\\vendor\\laravel\\framework\\src\\Illuminate\\Pipeline\\Pipeline.php(167): RenatoMarinho\\LaravelPageSpeed\\Middleware\\PageSpeed->handle(Object(Illuminate\\Http\\Request), Object(Closure))
#10 C:\\dev\\Unifiedtransform\\vendor\enatomarinho\\laravel-page-speed\\src\\Middleware\\PageSpeed.php(28): Illuminate\\Pipeline\\Pipeline->Illuminate\\Pipeline\\{closure}(Object(Illuminate\\Http\\Request))
#11 C:\\dev\\Unifiedtransform\\vendor\\laravel\\framework\\src\\Illuminate\\Pipeline\\Pipeline.php(167): RenatoMarinho\\LaravelPageSpeed\\Middleware\\PageSpeed->handle(Object(Illuminate\\Http\\Request), Object(Closure))
#12 C:\\dev\\Unifiedtransform\\vendor\enatomarinho\\laravel-page-speed\\src\\Middleware\\PageSpeed.php(28): Illuminate\\Pipeline\\Pipeline->Illuminate\\Pipeline\\{closure}(Object(Illuminate\\Http\\Request))
#13 C:\\dev\\Unifiedtransform\\vendor\\laravel\\framework\\src\\Illuminate\\Pipeline\\Pipeline.php(167): RenatoMarinho\\LaravelPageSpeed\\Middleware\\PageSpeed->handle(Object(Illuminate\\Http\\Request), Object(Closure))
#14 C:\\dev\\Unifiedtransform\\vendor\enatomarinho\\laravel-page-speed\\src\\Middleware\\PageSpeed.php(28): Illuminate\\Pipeline\\Pipeline->Illuminate\\Pipeline\\{closure}(Object(Illuminate\\Http\\Request))
#15 C:\\dev\\Unifiedtransform\\vendor\\laravel\\framework\\src\\Illuminate\\Pipeline\\Pipeline.php(167): RenatoMarinho\\LaravelPageSpeed\\Middleware\\PageSpeed->handle(Object(Illuminate\\Http\\Request), Object(Closure))
#16 C:\\dev\\Unifiedtransform\\vendor\enatomarinho\\laravel-page-speed\\src\\Middleware\\PageSpeed.php(28): Illuminate\\Pipeline\\Pipeline->Illuminate\\Pipeline\\{closure}(Object(Illuminate\\Http\\Request))
#17 C:\\dev\\Unifiedtransform\\vendor\\laravel\\framework\\src\\Illuminate\\Pipeline\\Pipeline.php(167): RenatoMarinho\\LaravelPageSpeed\\Middleware\\PageSpeed->handle(Object(Illuminate\\Http\\Request), Object(Closure))
#18 C:\\dev\\Unifiedtransform\\vendor\enatomarinho\\laravel-page-speed\\src\\Middleware\\PageSpeed.php(28): Illuminate\\Pipeline\\Pipeline->Illuminate\\Pipeline\\{closure}(Object(Illuminate\\Http\\Request))
#19 C:\\dev\\Unifiedtransform\\vendor\\laravel\\framework\\src\\Illuminate\\Pipeline\\Pipeline.php(167): RenatoMarinho\\LaravelPageSpeed\\Middleware\\PageSpeed->handle(Object(Illuminate\\Http\\Request), Object(Closure))
#20 C:\\dev\\Unifiedtransform\\vendor\\fideloper\\proxy\\src\\TrustProxies.php(57): Illuminate\\Pipeline\\Pipeline->Illuminate\\Pipeline\\{closure}(Object(Illuminate\\Http\\Request))
#21 C:\\dev\\Unifiedtransform\\vendor\\laravel\\framework\\src\\Illuminate\\Pipeline\\Pipeline.php(167): Fideloper\\Proxy\\TrustProxies->handle(Object(Illuminate\\Http\\Request), Object(Closure))
#22 C:\\dev\\Unifiedtransform\\vendor\\laravel\\framework\\src\\Illuminate\\Foundation\\Http\\Middleware\\TransformsRequest.php(21): Illuminate\\Pipeline\\Pipeline->Illuminate\\Pipeline\\{closure}(Object(Illuminate\\Http\\Request))
#23 C:\\dev\\Unifiedtransform\\vendor\\laravel\\framework\\src\\Illuminate\\Pipeline\\Pipeline.php(167): Illuminate\\Foundation\\Http\\Middleware\\TransformsRequest->handle(Object(Illuminate\\Http\\Request), Object(Closure))
#24 C:\\dev\\Unifiedtransform\\vendor\\laravel\\framework\\src\\Illuminate\\Foundation\\Http\\Middleware\\TransformsRequest.php(21): Illuminate\\Pipeline\\Pipeline->Illuminate\\Pipeline\\{closure}(Object(Illuminate\\Http\\Request))
#25 C:\\dev\\Unifiedtransform\\vendor\\laravel\\framework\\src\\Illuminate\\Pipeline\\Pipeline.php(167): Illuminate\\Foundation\\Http\\Middleware\\TransformsRequest->handle(Object(Illuminate\\Http\\Request), Object(Closure))
#26 C:\\dev\\Unifiedtransform\\vendor\\laravel\\framework\\src\\Illuminate\\Foundation\\Http\\Middleware\\ValidatePostSize.php(27): Illuminate\\Pipeline\\Pipeline->Illuminate\\Pipeline\\{closure}(Object(Illuminate\\Http\\Request))
#27 C:\\dev\\Unifiedtransform\\vendor\\laravel\\framework\\src\\Illuminate\\Pipeline\\Pipeline.php(167): Illuminate\\Foundation\\Http\\Middleware\\ValidatePostSize->handle(Object(Illuminate\\Http\\Request), Object(Closure))
#28 C:\\dev\\Unifiedtransform\\vendor\\laravel\\framework\\src\\Illuminate\\Foundation\\Http\\Middleware\\CheckForMaintenanceMode.php(63): Illuminate\\Pipeline\\Pipeline->Illuminate\\Pipeline\\{closure}(Object(Illuminate\\Http\\Request))
#29 C:\\dev\\Unifiedtransform\\vendor\\laravel\\framework\\src\\Illuminate\\Pipeline\\Pipeline.php(167): Illuminate\\Foundation\\Http\\Middleware\\CheckForMaintenanceMode->handle(Object(Illuminate\\Http\\Request), Object(Closure))
#30 C:\\dev\\Unifiedtransform\\vendor\\laravel\\framework\\src\\Illuminate\\Pipeline\\Pipeline.php(103): Illuminate\\Pipeline\\Pipeline->Illuminate\\Pipeline\\{closure}(Object(Illuminate\\Http\\Request))
#31 C:\\dev\\Unifiedtransform\\vendor\\laravel\\framework\\src\\Illuminate\\Foundation\\Http\\Kernel.php(140): Illuminate\\Pipeline\\Pipeline->then(Object(Closure))
#32 C:\\dev\\Unifiedtransform\\vendor\\laravel\\framework\\src\\Illuminate\\Foundation\\Http\\Kernel.php(109): Illuminate\\Foundation\\Http\\Kernel->sendRequestThroughRouter(Object(Illuminate\\Http\\Request))
#33 C:\\dev\\Unifiedtransform\\public\\index.php(55): Illuminate\\Foundation\\Http\\Kernel->handle(Object(Illuminate\\Http\\Request))
#34 C:\\dev\\Unifiedtransform\\server.php(21): require_once('C:\\\\dev\\\\Unifiedt...')
#35 {main}
"} 
[2020-05-28 22:27:43] laravel.EMERGENCY: Unable to create configured logger. Using emergency logger. {"exception":"[object] (InvalidArgumentException(code: 0): Log [] is not defined. at C:\\dev\\Unifiedtransform\\vendor\\laravel\\framework\\src\\Illuminate\\Log\\LogManager.php:192)
[stacktrace]
#0 C:\\dev\\Unifiedtransform\\vendor\\laravel\\framework\\src\\Illuminate\\Log\\LogManager.php(118): Illuminate\\Log\\LogManager->resolve(NULL)
#1 C:\\dev\\Unifiedtransform\\vendor\\laravel\\framework\\src\\Illuminate\\Log\\LogManager.php(98): Illuminate\\Log\\LogManager->get(NULL)
#2 C:\\dev\\Unifiedtransform\\vendor\\laravel\\framework\\src\\Illuminate\\Log\\LogManager.php(630): Illuminate\\Log\\LogManager->driver()
#3 C:\\dev\\Unifiedtransform\\vendor\\barryvdh\\laravel-debugbar\\src\\LaravelDebugbar.php(272): Illuminate\\Log\\LogManager->__call('listen', Array)
#4 C:\\dev\\Unifiedtransform\\vendor\\barryvdh\\laravel-debugbar\\src\\Middleware\\InjectDebugbar.php(61): Barryvdh\\Debugbar\\LaravelDebugbar->boot()
#5 C:\\dev\\Unifiedtransform\\vendor\\laravel\\framework\\src\\Illuminate\\Pipeline\\Pipeline.php(167): Barryvdh\\Debugbar\\Middleware\\InjectDebugbar->handle(Object(Illuminate\\Http\\Request), Object(Closure))
#6 C:\\dev\\Unifiedtransform\\vendor\enatomarinho\\laravel-page-speed\\src\\Middleware\\PageSpeed.php(28): Illuminate\\Pipeline\\Pipeline->Illuminate\\Pipeline\\{closure}(Object(Illuminate\\Http\\Request))
#7 C:\\dev\\Unifiedtransform\\vendor\\laravel\\framework\\src\\Illuminate\\Pipeline\\Pipeline.php(167): RenatoMarinho\\LaravelPageSpeed\\Middleware\\PageSpeed->handle(Object(Illuminate\\Http\\Request), Object(Closure))
#8 C:\\dev\\Unifiedtransform\\vendor\enatomarinho\\laravel-page-speed\\src\\Middleware\\PageSpeed.php(28): Illuminate\\Pipeline\\Pipeline->Illuminate\\Pipeline\\{closure}(Object(Illuminate\\Http\\Request))
#9 C:\\dev\\Unifiedtransform\\vendor\\laravel\\framework\\src\\Illuminate\\Pipeline\\Pipeline.php(167): RenatoMarinho\\LaravelPageSpeed\\Middleware\\PageSpeed->handle(Object(Illuminate\\Http\\Request), Object(Closure))
#10 C:\\dev\\Unifiedtransform\\vendor\enatomarinho\\laravel-page-speed\\src\\Middleware\\PageSpeed.php(28): Illuminate\\Pipeline\\Pipeline->Illuminate\\Pipeline\\{closure}(Object(Illuminate\\Http\\Request))
#11 C:\\dev\\Unifiedtransform\\vendor\\laravel\\framework\\src\\Illuminate\\Pipeline\\Pipeline.php(167): RenatoMarinho\\LaravelPageSpeed\\Middleware\\PageSpeed->handle(Object(Illuminate\\Http\\Request), Object(Closure))
#12 C:\\dev\\Unifiedtransform\\vendor\enatomarinho\\laravel-page-speed\\src\\Middleware\\PageSpeed.php(28): Illuminate\\Pipeline\\Pipeline->Illuminate\\Pipeline\\{closure}(Object(Illuminate\\Http\\Request))
#13 C:\\dev\\Unifiedtransform\\vendor\\laravel\\framework\\src\\Illuminate\\Pipeline\\Pipeline.php(167): RenatoMarinho\\LaravelPageSpeed\\Middleware\\PageSpeed->handle(Object(Illuminate\\Http\\Request), Object(Closure))
#14 C:\\dev\\Unifiedtransform\\vendor\enatomarinho\\laravel-page-speed\\src\\Middleware\\PageSpeed.php(28): Illuminate\\Pipeline\\Pipeline->Illuminate\\Pipeline\\{closure}(Object(Illuminate\\Http\\Request))
#15 C:\\dev\\Unifiedtransform\\vendor\\laravel\\framework\\src\\Illuminate\\Pipeline\\Pipeline.php(167): RenatoMarinho\\LaravelPageSpeed\\Middleware\\PageSpeed->handle(Object(Illuminate\\Http\\Request), Object(Closure))
#16 C:\\dev\\Unifiedtransform\\vendor\enatomarinho\\laravel-page-speed\\src\\Middleware\\PageSpeed.php(28): Illuminate\\Pipeline\\Pipeline->Illuminate\\Pipeline\\{closure}(Object(Illuminate\\Http\\Request))
#17 C:\\dev\\Unifiedtransform\\vendor\\laravel\\framework\\src\\Illuminate\\Pipeline\\Pipeline.php(167): RenatoMarinho\\LaravelPageSpeed\\Middleware\\PageSpeed->handle(Object(Illuminate\\Http\\Request), Object(Closure))
#18 C:\\dev\\Unifiedtransform\\vendor\enatomarinho\\laravel-page-speed\\src\\Middleware\\PageSpeed.php(28): Illuminate\\Pipeline\\Pipeline->Illuminate\\Pipeline\\{closure}(Object(Illuminate\\Http\\Request))
#19 C:\\dev\\Unifiedtransform\\vendor\\laravel\\framework\\src\\Illuminate\\Pipeline\\Pipeline.php(167): RenatoMarinho\\LaravelPageSpeed\\Middleware\\PageSpeed->handle(Object(Illuminate\\Http\\Request), Object(Closure))
#20 C:\\dev\\Unifiedtransform\\vendor\\fideloper\\proxy\\src\\TrustProxies.php(57): Illuminate\\Pipeline\\Pipeline->Illuminate\\Pipeline\\{closure}(Object(Illuminate\\Http\\Request))
#21 C:\\dev\\Unifiedtransform\\vendor\\laravel\\framework\\src\\Illuminate\\Pipeline\\Pipeline.php(167): Fideloper\\Proxy\\TrustProxies->handle(Object(Illuminate\\Http\\Request), Object(Closure))
#22 C:\\dev\\Unifiedtransform\\vendor\\laravel\\framework\\src\\Illuminate\\Foundation\\Http\\Middleware\\TransformsRequest.php(21): Illuminate\\Pipeline\\Pipeline->Illuminate\\Pipeline\\{closure}(Object(Illuminate\\Http\\Request))
#23 C:\\dev\\Unifiedtransform\\vendor\\laravel\\framework\\src\\Illuminate\\Pipeline\\Pipeline.php(167): Illuminate\\Foundation\\Http\\Middleware\\TransformsRequest->handle(Object(Illuminate\\Http\\Request), Object(Closure))
#24 C:\\dev\\Unifiedtransform\\vendor\\laravel\\framework\\src\\Illuminate\\Foundation\\Http\\Middleware\\TransformsRequest.php(21): Illuminate\\Pipeline\\Pipeline->Illuminate\\Pipeline\\{closure}(Object(Illuminate\\Http\\Request))
#25 C:\\dev\\Unifiedtransform\\vendor\\laravel\\framework\\src\\Illuminate\\Pipeline\\Pipeline.php(167): Illuminate\\Foundation\\Http\\Middleware\\TransformsRequest->handle(Object(Illuminate\\Http\\Request), Object(Closure))
#26 C:\\dev\\Unifiedtransform\\vendor\\laravel\\framework\\src\\Illuminate\\Foundation\\Http\\Middleware\\ValidatePostSize.php(27): Illuminate\\Pipeline\\Pipeline->Illuminate\\Pipeline\\{closure}(Object(Illuminate\\Http\\Request))
#27 C:\\dev\\Unifiedtransform\\vendor\\laravel\\framework\\src\\Illuminate\\Pipeline\\Pipeline.php(167): Illuminate\\Foundation\\Http\\Middleware\\ValidatePostSize->handle(Object(Illuminate\\Http\\Request), Object(Closure))
#28 C:\\dev\\Unifiedtransform\\vendor\\laravel\\framework\\src\\Illuminate\\Foundation\\Http\\Middleware\\CheckForMaintenanceMode.php(63): Illuminate\\Pipeline\\Pipeline->Illuminate\\Pipeline\\{closure}(Object(Illuminate\\Http\\Request))
#29 C:\\dev\\Unifiedtransform\\vendor\\laravel\\framework\\src\\Illuminate\\Pipeline\\Pipeline.php(167): Illuminate\\Foundation\\Http\\Middleware\\CheckForMaintenanceMode->handle(Object(Illuminate\\Http\\Request), Object(Closure))
#30 C:\\dev\\Unifiedtransform\\vendor\\laravel\\framework\\src\\Illuminate\\Pipeline\\Pipeline.php(103): Illuminate\\Pipeline\\Pipeline->Illuminate\\Pipeline\\{closure}(Object(Illuminate\\Http\\Request))
#31 C:\\dev\\Unifiedtransform\\vendor\\laravel\\framework\\src\\Illuminate\\Foundation\\Http\\Kernel.php(140): Illuminate\\Pipeline\\Pipeline->then(Object(Closure))
#32 C:\\dev\\Unifiedtransform\\vendor\\laravel\\framework\\src\\Illuminate\\Foundation\\Http\\Kernel.php(109): Illuminate\\Foundation\\Http\\Kernel->sendRequestThroughRouter(Object(Illuminate\\Http\\Request))
#33 C:\\dev\\Unifiedtransform\\public\\index.php(55): Illuminate\\Foundation\\Http\\Kernel->handle(Object(Illuminate\\Http\\Request))
#34 C:\\dev\\Unifiedtransform\\server.php(21): require_once('C:\\\\dev\\\\Unifiedt...')
#35 {main}
"} 
[2020-05-28 22:27:44] laravel.EMERGENCY: Unable to create configured logger. Using emergency logger. {"exception":"[object] (InvalidArgumentException(code: 0): Log [] is not defined. at C:\\dev\\Unifiedtransform\\vendor\\laravel\\framework\\src\\Illuminate\\Log\\LogManager.php:192)
[stacktrace]
#0 C:\\dev\\Unifiedtransform\\vendor\\laravel\\framework\\src\\Illuminate\\Log\\LogManager.php(118): Illuminate\\Log\\LogManager->resolve(NULL)
#1 C:\\dev\\Unifiedtransform\\vendor\\laravel\\framework\\src\\Illuminate\\Log\\LogManager.php(98): Illuminate\\Log\\LogManager->get(NULL)
#2 C:\\dev\\Unifiedtransform\\vendor\\laravel\\framework\\src\\Illuminate\\Log\\LogManager.php(630): Illuminate\\Log\\LogManager->driver()
#3 C:\\dev\\Unifiedtransform\\vendor\\barryvdh\\laravel-debugbar\\src\\LaravelDebugbar.php(272): Illuminate\\Log\\LogManager->__call('listen', Array)
#4 C:\\dev\\Unifiedtransform\\vendor\\barryvdh\\laravel-debugbar\\src\\Middleware\\InjectDebugbar.php(61): Barryvdh\\Debugbar\\LaravelDebugbar->boot()
#5 C:\\dev\\Unifiedtransform\\vendor\\laravel\\framework\\src\\Illuminate\\Pipeline\\Pipeline.php(167): Barryvdh\\Debugbar\\Middleware\\InjectDebugbar->handle(Object(Illuminate\\Http\\Request), Object(Closure))
#6 C:\\dev\\Unifiedtransform\\vendor\enatomarinho\\laravel-page-speed\\src\\Middleware\\PageSpeed.php(28): Illuminate\\Pipeline\\Pipeline->Illuminate\\Pipeline\\{closure}(Object(Illuminate\\Http\\Request))
#7 C:\\dev\\Unifiedtransform\\vendor\\laravel\\framework\\src\\Illuminate\\Pipeline\\Pipeline.php(167): RenatoMarinho\\LaravelPageSpeed\\Middleware\\PageSpeed->handle(Object(Illuminate\\Http\\Request), Object(Closure))
#8 C:\\dev\\Unifiedtransform\\vendor\enatomarinho\\laravel-page-speed\\src\\Middleware\\PageSpeed.php(28): Illuminate\\Pipeline\\Pipeline->Illuminate\\Pipeline\\{closure}(Object(Illuminate\\Http\\Request))
#9 C:\\dev\\Unifiedtransform\\vendor\\laravel\\framework\\src\\Illuminate\\Pipeline\\Pipeline.php(167): RenatoMarinho\\LaravelPageSpeed\\Middleware\\PageSpeed->handle(Object(Illuminate\\Http\\Request), Object(Closure))
#10 C:\\dev\\Unifiedtransform\\vendor\enatomarinho\\laravel-page-speed\\src\\Middleware\\PageSpeed.php(28): Illuminate\\Pipeline\\Pipeline->Illuminate\\Pipeline\\{closure}(Object(Illuminate\\Http\\Request))
#11 C:\\dev\\Unifiedtransform\\vendor\\laravel\\framework\\src\\Illuminate\\Pipeline\\Pipeline.php(167): RenatoMarinho\\LaravelPageSpeed\\Middleware\\PageSpeed->handle(Object(Illuminate\\Http\\Request), Object(Closure))
#12 C:\\dev\\Unifiedtransform\\vendor\enatomarinho\\laravel-page-speed\\src\\Middleware\\PageSpeed.php(28): Illuminate\\Pipeline\\Pipeline->Illuminate\\Pipeline\\{closure}(Object(Illuminate\\Http\\Request))
#13 C:\\dev\\Unifiedtransform\\vendor\\laravel\\framework\\src\\Illuminate\\Pipeline\\Pipeline.php(167): RenatoMarinho\\LaravelPageSpeed\\Middleware\\PageSpeed->handle(Object(Illuminate\\Http\\Request), Object(Closure))
#14 C:\\dev\\Unifiedtransform\\vendor\enatomarinho\\laravel-page-speed\\src\\Middleware\\PageSpeed.php(28): Illuminate\\Pipeline\\Pipeline->Illuminate\\Pipeline\\{closure}(Object(Illuminate\\Http\\Request))
#15 C:\\dev\\Unifiedtransform\\vendor\\laravel\\framework\\src\\Illuminate\\Pipeline\\Pipeline.php(167): RenatoMarinho\\LaravelPageSpeed\\Middleware\\PageSpeed->handle(Object(Illuminate\\Http\\Request), Object(Closure))
#16 C:\\dev\\Unifiedtransform\\vendor\enatomarinho\\laravel-page-speed\\src\\Middleware\\PageSpeed.php(28): Illuminate\\Pipeline\\Pipeline->Illuminate\\Pipeline\\{closure}(Object(Illuminate\\Http\\Request))
#17 C:\\dev\\Unifiedtransform\\vendor\\laravel\\framework\\src\\Illuminate\\Pipeline\\Pipeline.php(167): RenatoMarinho\\LaravelPageSpeed\\Middleware\\PageSpeed->handle(Object(Illuminate\\Http\\Request), Object(Closure))
#18 C:\\dev\\Unifiedtransform\\vendor\enatomarinho\\laravel-page-speed\\src\\Middleware\\PageSpeed.php(28): Illuminate\\Pipeline\\Pipeline->Illuminate\\Pipeline\\{closure}(Object(Illuminate\\Http\\Request))
#19 C:\\dev\\Unifiedtransform\\vendor\\laravel\\framework\\src\\Illuminate\\Pipeline\\Pipeline.php(167): RenatoMarinho\\LaravelPageSpeed\\Middleware\\PageSpeed->handle(Object(Illuminate\\Http\\Request), Object(Closure))
#20 C:\\dev\\Unifiedtransform\\vendor\\fideloper\\proxy\\src\\TrustProxies.php(57): Illuminate\\Pipeline\\Pipeline->Illuminate\\Pipeline\\{closure}(Object(Illuminate\\Http\\Request))
#21 C:\\dev\\Unifiedtransform\\vendor\\laravel\\framework\\src\\Illuminate\\Pipeline\\Pipeline.php(167): Fideloper\\Proxy\\TrustProxies->handle(Object(Illuminate\\Http\\Request), Object(Closure))
#22 C:\\dev\\Unifiedtransform\\vendor\\laravel\\framework\\src\\Illuminate\\Foundation\\Http\\Middleware\\TransformsRequest.php(21): Illuminate\\Pipeline\\Pipeline->Illuminate\\Pipeline\\{closure}(Object(Illuminate\\Http\\Request))
#23 C:\\dev\\Unifiedtransform\\vendor\\laravel\\framework\\src\\Illuminate\\Pipeline\\Pipeline.php(167): Illuminate\\Foundation\\Http\\Middleware\\TransformsRequest->handle(Object(Illuminate\\Http\\Request), Object(Closure))
#24 C:\\dev\\Unifiedtransform\\vendor\\laravel\\framework\\src\\Illuminate\\Foundation\\Http\\Middleware\\TransformsRequest.php(21): Illuminate\\Pipeline\\Pipeline->Illuminate\\Pipeline\\{closure}(Object(Illuminate\\Http\\Request))
#25 C:\\dev\\Unifiedtransform\\vendor\\laravel\\framework\\src\\Illuminate\\Pipeline\\Pipeline.php(167): Illuminate\\Foundation\\Http\\Middleware\\TransformsRequest->handle(Object(Illuminate\\Http\\Request), Object(Closure))
#26 C:\\dev\\Unifiedtransform\\vendor\\laravel\\framework\\src\\Illuminate\\Foundation\\Http\\Middleware\\ValidatePostSize.php(27): Illuminate\\Pipeline\\Pipeline->Illuminate\\Pipeline\\{closure}(Object(Illuminate\\Http\\Request))
#27 C:\\dev\\Unifiedtransform\\vendor\\laravel\\framework\\src\\Illuminate\\Pipeline\\Pipeline.php(167): Illuminate\\Foundation\\Http\\Middleware\\ValidatePostSize->handle(Object(Illuminate\\Http\\Request), Object(Closure))
#28 C:\\dev\\Unifiedtransform\\vendor\\laravel\\framework\\src\\Illuminate\\Foundation\\Http\\Middleware\\CheckForMaintenanceMode.php(63): Illuminate\\Pipeline\\Pipeline->Illuminate\\Pipeline\\{closure}(Object(Illuminate\\Http\\Request))
#29 C:\\dev\\Unifiedtransform\\vendor\\laravel\\framework\\src\\Illuminate\\Pipeline\\Pipeline.php(167): Illuminate\\Foundation\\Http\\Middleware\\CheckForMaintenanceMode->handle(Object(Illuminate\\Http\\Request), Object(Closure))
#30 C:\\dev\\Unifiedtransform\\vendor\\laravel\\framework\\src\\Illuminate\\Pipeline\\Pipeline.php(103): Illuminate\\Pipeline\\Pipeline->Illuminate\\Pipeline\\{closure}(Object(Illuminate\\Http\\Request))
#31 C:\\dev\\Unifiedtransform\\vendor\\laravel\\framework\\src\\Illuminate\\Foundation\\Http\\Kernel.php(140): Illuminate\\Pipeline\\Pipeline->then(Object(Closure))
#32 C:\\dev\\Unifiedtransform\\vendor\\laravel\\framework\\src\\Illuminate\\Foundation\\Http\\Kernel.php(109): Illuminate\\Foundation\\Http\\Kernel->sendRequestThroughRouter(Object(Illuminate\\Http\\Request))
#33 C:\\dev\\Unifiedtransform\\public\\index.php(55): Illuminate\\Foundation\\Http\\Kernel->handle(Object(Illuminate\\Http\\Request))
#34 C:\\dev\\Unifiedtransform\\server.php(21): require_once('C:\\\\dev\\\\Unifiedt...')
#35 {main}
"} 
[2020-05-28 22:27:48] laravel.EMERGENCY: Unable to create configured logger. Using emergency logger. {"exception":"[object] (InvalidArgumentException(code: 0): Log [] is not defined. at C:\\dev\\Unifiedtransform\\vendor\\laravel\\framework\\src\\Illuminate\\Log\\LogManager.php:192)
[stacktrace]
#0 C:\\dev\\Unifiedtransform\\vendor\\laravel\\framework\\src\\Illuminate\\Log\\LogManager.php(118): Illuminate\\Log\\LogManager->resolve(NULL)
#1 C:\\dev\\Unifiedtransform\\vendor\\laravel\\framework\\src\\Illuminate\\Log\\LogManager.php(98): Illuminate\\Log\\LogManager->get(NULL)
#2 C:\\dev\\Unifiedtransform\\vendor\\laravel\\framework\\src\\Illuminate\\Log\\LogManager.php(630): Illuminate\\Log\\LogManager->driver()
#3 C:\\dev\\Unifiedtransform\\vendor\\barryvdh\\laravel-debugbar\\src\\LaravelDebugbar.php(272): Illuminate\\Log\\LogManager->__call('listen', Array)
#4 C:\\dev\\Unifiedtransform\\vendor\\barryvdh\\laravel-debugbar\\src\\Middleware\\InjectDebugbar.php(61): Barryvdh\\Debugbar\\LaravelDebugbar->boot()
#5 C:\\dev\\Unifiedtransform\\vendor\\laravel\\framework\\src\\Illuminate\\Pipeline\\Pipeline.php(167): Barryvdh\\Debugbar\\Middleware\\InjectDebugbar->handle(Object(Illuminate\\Http\\Request), Object(Closure))
#6 C:\\dev\\Unifiedtransform\\vendor\enatomarinho\\laravel-page-speed\\src\\Middleware\\PageSpeed.php(28): Illuminate\\Pipeline\\Pipeline->Illuminate\\Pipeline\\{closure}(Object(Illuminate\\Http\\Request))
#7 C:\\dev\\Unifiedtransform\\vendor\\laravel\\framework\\src\\Illuminate\\Pipeline\\Pipeline.php(167): RenatoMarinho\\LaravelPageSpeed\\Middleware\\PageSpeed->handle(Object(Illuminate\\Http\\Request), Object(Closure))
#8 C:\\dev\\Unifiedtransform\\vendor\enatomarinho\\laravel-page-speed\\src\\Middleware\\PageSpeed.php(28): Illuminate\\Pipeline\\Pipeline->Illuminate\\Pipeline\\{closure}(Object(Illuminate\\Http\\Request))
#9 C:\\dev\\Unifiedtransform\\vendor\\laravel\\framework\\src\\Illuminate\\Pipeline\\Pipeline.php(167): RenatoMarinho\\LaravelPageSpeed\\Middleware\\PageSpeed->handle(Object(Illuminate\\Http\\Request), Object(Closure))
#10 C:\\dev\\Unifiedtransform\\vendor\enatomarinho\\laravel-page-speed\\src\\Middleware\\PageSpeed.php(28): Illuminate\\Pipeline\\Pipeline->Illuminate\\Pipeline\\{closure}(Object(Illuminate\\Http\\Request))
#11 C:\\dev\\Unifiedtransform\\vendor\\laravel\\framework\\src\\Illuminate\\Pipeline\\Pipeline.php(167): RenatoMarinho\\LaravelPageSpeed\\Middleware\\PageSpeed->handle(Object(Illuminate\\Http\\Request), Object(Closure))
#12 C:\\dev\\Unifiedtransform\\vendor\enatomarinho\\laravel-page-speed\\src\\Middleware\\PageSpeed.php(28): Illuminate\\Pipeline\\Pipeline->Illuminate\\Pipeline\\{closure}(Object(Illuminate\\Http\\Request))
#13 C:\\dev\\Unifiedtransform\\vendor\\laravel\\framework\\src\\Illuminate\\Pipeline\\Pipeline.php(167): RenatoMarinho\\LaravelPageSpeed\\Middleware\\PageSpeed->handle(Object(Illuminate\\Http\\Request), Object(Closure))
#14 C:\\dev\\Unifiedtransform\\vendor\enatomarinho\\laravel-page-speed\\src\\Middleware\\PageSpeed.php(28): Illuminate\\Pipeline\\Pipeline->Illuminate\\Pipeline\\{closure}(Object(Illuminate\\Http\\Request))
#15 C:\\dev\\Unifiedtransform\\vendor\\laravel\\framework\\src\\Illuminate\\Pipeline\\Pipeline.php(167): RenatoMarinho\\LaravelPageSpeed\\Middleware\\PageSpeed->handle(Object(Illuminate\\Http\\Request), Object(Closure))
#16 C:\\dev\\Unifiedtransform\\vendor\enatomarinho\\laravel-page-speed\\src\\Middleware\\PageSpeed.php(28): Illuminate\\Pipeline\\Pipeline->Illuminate\\Pipeline\\{closure}(Object(Illuminate\\Http\\Request))
#17 C:\\dev\\Unifiedtransform\\vendor\\laravel\\framework\\src\\Illuminate\\Pipeline\\Pipeline.php(167): RenatoMarinho\\LaravelPageSpeed\\Middleware\\PageSpeed->handle(Object(Illuminate\\Http\\Request), Object(Closure))
#18 C:\\dev\\Unifiedtransform\\vendor\enatomarinho\\laravel-page-speed\\src\\Middleware\\PageSpeed.php(28): Illuminate\\Pipeline\\Pipeline->Illuminate\\Pipeline\\{closure}(Object(Illuminate\\Http\\Request))
#19 C:\\dev\\Unifiedtransform\\vendor\\laravel\\framework\\src\\Illuminate\\Pipeline\\Pipeline.php(167): RenatoMarinho\\LaravelPageSpeed\\Middleware\\PageSpeed->handle(Object(Illuminate\\Http\\Request), Object(Closure))
#20 C:\\dev\\Unifiedtransform\\vendor\\fideloper\\proxy\\src\\TrustProxies.php(57): Illuminate\\Pipeline\\Pipeline->Illuminate\\Pipeline\\{closure}(Object(Illuminate\\Http\\Request))
#21 C:\\dev\\Unifiedtransform\\vendor\\laravel\\framework\\src\\Illuminate\\Pipeline\\Pipeline.php(167): Fideloper\\Proxy\\TrustProxies->handle(Object(Illuminate\\Http\\Request), Object(Closure))
#22 C:\\dev\\Unifiedtransform\\vendor\\laravel\\framework\\src\\Illuminate\\Foundation\\Http\\Middleware\\TransformsRequest.php(21): Illuminate\\Pipeline\\Pipeline->Illuminate\\Pipeline\\{closure}(Object(Illuminate\\Http\\Request))
#23 C:\\dev\\Unifiedtransform\\vendor\\laravel\\framework\\src\\Illuminate\\Pipeline\\Pipeline.php(167): Illuminate\\Foundation\\Http\\Middleware\\TransformsRequest->handle(Object(Illuminate\\Http\\Request), Object(Closure))
#24 C:\\dev\\Unifiedtransform\\vendor\\laravel\\framework\\src\\Illuminate\\Foundation\\Http\\Middleware\\TransformsRequest.php(21): Illuminate\\Pipeline\\Pipeline->Illuminate\\Pipeline\\{closure}(Object(Illuminate\\Http\\Request))
#25 C:\\dev\\Unifiedtransform\\vendor\\laravel\\framework\\src\\Illuminate\\Pipeline\\Pipeline.php(167): Illuminate\\Foundation\\Http\\Middleware\\TransformsRequest->handle(Object(Illuminate\\Http\\Request), Object(Closure))
#26 C:\\dev\\Unifiedtransform\\vendor\\laravel\\framework\\src\\Illuminate\\Foundation\\Http\\Middleware\\ValidatePostSize.php(27): Illuminate\\Pipeline\\Pipeline->Illuminate\\Pipeline\\{closure}(Object(Illuminate\\Http\\Request))
#27 C:\\dev\\Unifiedtransform\\vendor\\laravel\\framework\\src\\Illuminate\\Pipeline\\Pipeline.php(167): Illuminate\\Foundation\\Http\\Middleware\\ValidatePostSize->handle(Object(Illuminate\\Http\\Request), Object(Closure))
#28 C:\\dev\\Unifiedtransform\\vendor\\laravel\\framework\\src\\Illuminate\\Foundation\\Http\\Middleware\\CheckForMaintenanceMode.php(63): Illuminate\\Pipeline\\Pipeline->Illuminate\\Pipeline\\{closure}(Object(Illuminate\\Http\\Request))
#29 C:\\dev\\Unifiedtransform\\vendor\\laravel\\framework\\src\\Illuminate\\Pipeline\\Pipeline.php(167): Illuminate\\Foundation\\Http\\Middleware\\CheckForMaintenanceMode->handle(Object(Illuminate\\Http\\Request), Object(Closure))
#30 C:\\dev\\Unifiedtransform\\vendor\\laravel\\framework\\src\\Illuminate\\Pipeline\\Pipeline.php(103): Illuminate\\Pipeline\\Pipeline->Illuminate\\Pipeline\\{closure}(Object(Illuminate\\Http\\Request))
#31 C:\\dev\\Unifiedtransform\\vendor\\laravel\\framework\\src\\Illuminate\\Foundation\\Http\\Kernel.php(140): Illuminate\\Pipeline\\Pipeline->then(Object(Closure))
#32 C:\\dev\\Unifiedtransform\\vendor\\laravel\\framework\\src\\Illuminate\\Foundation\\Http\\Kernel.php(109): Illuminate\\Foundation\\Http\\Kernel->sendRequestThroughRouter(Object(Illuminate\\Http\\Request))
#33 C:\\dev\\Unifiedtransform\\public\\index.php(55): Illuminate\\Foundation\\Http\\Kernel->handle(Object(Illuminate\\Http\\Request))
#34 C:\\dev\\Unifiedtransform\\server.php(21): require_once('C:\\\\dev\\\\Unifiedt...')
#35 {main}
"} 
[2020-05-28 22:31:40] laravel.EMERGENCY: Unable to create configured logger. Using emergency logger. {"exception":"[object] (InvalidArgumentException(code: 0): Log [] is not defined. at C:\\dev\\Unifiedtransform\\vendor\\laravel\\framework\\src\\Illuminate\\Log\\LogManager.php:192)
[stacktrace]
#0 C:\\dev\\Unifiedtransform\\vendor\\laravel\\framework\\src\\Illuminate\\Log\\LogManager.php(118): Illuminate\\Log\\LogManager->resolve(NULL)
#1 C:\\dev\\Unifiedtransform\\vendor\\laravel\\framework\\src\\Illuminate\\Log\\LogManager.php(98): Illuminate\\Log\\LogManager->get(NULL)
#2 C:\\dev\\Unifiedtransform\\vendor\\laravel\\framework\\src\\Illuminate\\Log\\LogManager.php(630): Illuminate\\Log\\LogManager->driver()
#3 C:\\dev\\Unifiedtransform\\vendor\\barryvdh\\laravel-debugbar\\src\\LaravelDebugbar.php(272): Illuminate\\Log\\LogManager->__call('listen', Array)
#4 C:\\dev\\Unifiedtransform\\vendor\\barryvdh\\laravel-debugbar\\src\\Middleware\\InjectDebugbar.php(61): Barryvdh\\Debugbar\\LaravelDebugbar->boot()
#5 C:\\dev\\Unifiedtransform\\vendor\\laravel\\framework\\src\\Illuminate\\Pipeline\\Pipeline.php(167): Barryvdh\\Debugbar\\Middleware\\InjectDebugbar->handle(Object(Illuminate\\Http\\Request), Object(Closure))
#6 C:\\dev\\Unifiedtransform\\vendor\enatomarinho\\laravel-page-speed\\src\\Middleware\\PageSpeed.php(28): Illuminate\\Pipeline\\Pipeline->Illuminate\\Pipeline\\{closure}(Object(Illuminate\\Http\\Request))
#7 C:\\dev\\Unifiedtransform\\vendor\\laravel\\framework\\src\\Illuminate\\Pipeline\\Pipeline.php(167): RenatoMarinho\\LaravelPageSpeed\\Middleware\\PageSpeed->handle(Object(Illuminate\\Http\\Request), Object(Closure))
#8 C:\\dev\\Unifiedtransform\\vendor\enatomarinho\\laravel-page-speed\\src\\Middleware\\PageSpeed.php(28): Illuminate\\Pipeline\\Pipeline->Illuminate\\Pipeline\\{closure}(Object(Illuminate\\Http\\Request))
#9 C:\\dev\\Unifiedtransform\\vendor\\laravel\\framework\\src\\Illuminate\\Pipeline\\Pipeline.php(167): RenatoMarinho\\LaravelPageSpeed\\Middleware\\PageSpeed->handle(Object(Illuminate\\Http\\Request), Object(Closure))
#10 C:\\dev\\Unifiedtransform\\vendor\enatomarinho\\laravel-page-speed\\src\\Middleware\\PageSpeed.php(28): Illuminate\\Pipeline\\Pipeline->Illuminate\\Pipeline\\{closure}(Object(Illuminate\\Http\\Request))
#11 C:\\dev\\Unifiedtransform\\vendor\\laravel\\framework\\src\\Illuminate\\Pipeline\\Pipeline.php(167): RenatoMarinho\\LaravelPageSpeed\\Middleware\\PageSpeed->handle(Object(Illuminate\\Http\\Request), Object(Closure))
#12 C:\\dev\\Unifiedtransform\\vendor\enatomarinho\\laravel-page-speed\\src\\Middleware\\PageSpeed.php(28): Illuminate\\Pipeline\\Pipeline->Illuminate\\Pipeline\\{closure}(Object(Illuminate\\Http\\Request))
#13 C:\\dev\\Unifiedtransform\\vendor\\laravel\\framework\\src\\Illuminate\\Pipeline\\Pipeline.php(167): RenatoMarinho\\LaravelPageSpeed\\Middleware\\PageSpeed->handle(Object(Illuminate\\Http\\Request), Object(Closure))
#14 C:\\dev\\Unifiedtransform\\vendor\enatomarinho\\laravel-page-speed\\src\\Middleware\\PageSpeed.php(28): Illuminate\\Pipeline\\Pipeline->Illuminate\\Pipeline\\{closure}(Object(Illuminate\\Http\\Request))
#15 C:\\dev\\Unifiedtransform\\vendor\\laravel\\framework\\src\\Illuminate\\Pipeline\\Pipeline.php(167): RenatoMarinho\\LaravelPageSpeed\\Middleware\\PageSpeed->handle(Object(Illuminate\\Http\\Request), Object(Closure))
#16 C:\\dev\\Unifiedtransform\\vendor\enatomarinho\\laravel-page-speed\\src\\Middleware\\PageSpeed.php(28): Illuminate\\Pipeline\\Pipeline->Illuminate\\Pipeline\\{closure}(Object(Illuminate\\Http\\Request))
#17 C:\\dev\\Unifiedtransform\\vendor\\laravel\\framework\\src\\Illuminate\\Pipeline\\Pipeline.php(167): RenatoMarinho\\LaravelPageSpeed\\Middleware\\PageSpeed->handle(Object(Illuminate\\Http\\Request), Object(Closure))
#18 C:\\dev\\Unifiedtransform\\vendor\enatomarinho\\laravel-page-speed\\src\\Middleware\\PageSpeed.php(28): Illuminate\\Pipeline\\Pipeline->Illuminate\\Pipeline\\{closure}(Object(Illuminate\\Http\\Request))
#19 C:\\dev\\Unifiedtransform\\vendor\\laravel\\framework\\src\\Illuminate\\Pipeline\\Pipeline.php(167): RenatoMarinho\\LaravelPageSpeed\\Middleware\\PageSpeed->handle(Object(Illuminate\\Http\\Request), Object(Closure))
#20 C:\\dev\\Unifiedtransform\\vendor\\fideloper\\proxy\\src\\TrustProxies.php(57): Illuminate\\Pipeline\\Pipeline->Illuminate\\Pipeline\\{closure}(Object(Illuminate\\Http\\Request))
#21 C:\\dev\\Unifiedtransform\\vendor\\laravel\\framework\\src\\Illuminate\\Pipeline\\Pipeline.php(167): Fideloper\\Proxy\\TrustProxies->handle(Object(Illuminate\\Http\\Request), Object(Closure))
#22 C:\\dev\\Unifiedtransform\\vendor\\laravel\\framework\\src\\Illuminate\\Foundation\\Http\\Middleware\\TransformsRequest.php(21): Illuminate\\Pipeline\\Pipeline->Illuminate\\Pipeline\\{closure}(Object(Illuminate\\Http\\Request))
#23 C:\\dev\\Unifiedtransform\\vendor\\laravel\\framework\\src\\Illuminate\\Pipeline\\Pipeline.php(167): Illuminate\\Foundation\\Http\\Middleware\\TransformsRequest->handle(Object(Illuminate\\Http\\Request), Object(Closure))
#24 C:\\dev\\Unifiedtransform\\vendor\\laravel\\framework\\src\\Illuminate\\Foundation\\Http\\Middleware\\TransformsRequest.php(21): Illuminate\\Pipeline\\Pipeline->Illuminate\\Pipeline\\{closure}(Object(Illuminate\\Http\\Request))
#25 C:\\dev\\Unifiedtransform\\vendor\\laravel\\framework\\src\\Illuminate\\Pipeline\\Pipeline.php(167): Illuminate\\Foundation\\Http\\Middleware\\TransformsRequest->handle(Object(Illuminate\\Http\\Request), Object(Closure))
#26 C:\\dev\\Unifiedtransform\\vendor\\laravel\\framework\\src\\Illuminate\\Foundation\\Http\\Middleware\\ValidatePostSize.php(27): Illuminate\\Pipeline\\Pipeline->Illuminate\\Pipeline\\{closure}(Object(Illuminate\\Http\\Request))
#27 C:\\dev\\Unifiedtransform\\vendor\\laravel\\framework\\src\\Illuminate\\Pipeline\\Pipeline.php(167): Illuminate\\Foundation\\Http\\Middleware\\ValidatePostSize->handle(Object(Illuminate\\Http\\Request), Object(Closure))
#28 C:\\dev\\Unifiedtransform\\vendor\\laravel\\framework\\src\\Illuminate\\Foundation\\Http\\Middleware\\CheckForMaintenanceMode.php(63): Illuminate\\Pipeline\\Pipeline->Illuminate\\Pipeline\\{closure}(Object(Illuminate\\Http\\Request))
#29 C:\\dev\\Unifiedtransform\\vendor\\laravel\\framework\\src\\Illuminate\\Pipeline\\Pipeline.php(167): Illuminate\\Foundation\\Http\\Middleware\\CheckForMaintenanceMode->handle(Object(Illuminate\\Http\\Request), Object(Closure))
#30 C:\\dev\\Unifiedtransform\\vendor\\laravel\\framework\\src\\Illuminate\\Pipeline\\Pipeline.php(103): Illuminate\\Pipeline\\Pipeline->Illuminate\\Pipeline\\{closure}(Object(Illuminate\\Http\\Request))
#31 C:\\dev\\Unifiedtransform\\vendor\\laravel\\framework\\src\\Illuminate\\Foundation\\Http\\Kernel.php(140): Illuminate\\Pipeline\\Pipeline->then(Object(Closure))
#32 C:\\dev\\Unifiedtransform\\vendor\\laravel\\framework\\src\\Illuminate\\Foundation\\Http\\Kernel.php(109): Illuminate\\Foundation\\Http\\Kernel->sendRequestThroughRouter(Object(Illuminate\\Http\\Request))
#33 C:\\dev\\Unifiedtransform\\public\\index.php(55): Illuminate\\Foundation\\Http\\Kernel->handle(Object(Illuminate\\Http\\Request))
#34 C:\\dev\\Unifiedtransform\\server.php(21): require_once('C:\\\\dev\\\\Unifiedt...')
#35 {main}
"} 
[2020-05-28 22:35:10] laravel.EMERGENCY: Unable to create configured logger. Using emergency logger. {"exception":"[object] (InvalidArgumentException(code: 0): Log [] is not defined. at C:\\dev\\Unifiedtransform\\vendor\\laravel\\framework\\src\\Illuminate\\Log\\LogManager.php:192)
[stacktrace]
#0 C:\\dev\\Unifiedtransform\\vendor\\laravel\\framework\\src\\Illuminate\\Log\\LogManager.php(118): Illuminate\\Log\\LogManager->resolve(NULL)
#1 C:\\dev\\Unifiedtransform\\vendor\\laravel\\framework\\src\\Illuminate\\Log\\LogManager.php(98): Illuminate\\Log\\LogManager->get(NULL)
#2 C:\\dev\\Unifiedtransform\\vendor\\laravel\\framework\\src\\Illuminate\\Log\\LogManager.php(630): Illuminate\\Log\\LogManager->driver()
#3 C:\\dev\\Unifiedtransform\\vendor\\barryvdh\\laravel-debugbar\\src\\LaravelDebugbar.php(272): Illuminate\\Log\\LogManager->__call('listen', Array)
#4 C:\\dev\\Unifiedtransform\\vendor\\barryvdh\\laravel-debugbar\\src\\Middleware\\InjectDebugbar.php(61): Barryvdh\\Debugbar\\LaravelDebugbar->boot()
#5 C:\\dev\\Unifiedtransform\\vendor\\laravel\\framework\\src\\Illuminate\\Pipeline\\Pipeline.php(167): Barryvdh\\Debugbar\\Middleware\\InjectDebugbar->handle(Object(Illuminate\\Http\\Request), Object(Closure))
#6 C:\\dev\\Unifiedtransform\\vendor\enatomarinho\\laravel-page-speed\\src\\Middleware\\PageSpeed.php(28): Illuminate\\Pipeline\\Pipeline->Illuminate\\Pipeline\\{closure}(Object(Illuminate\\Http\\Request))
#7 C:\\dev\\Unifiedtransform\\vendor\\laravel\\framework\\src\\Illuminate\\Pipeline\\Pipeline.php(167): RenatoMarinho\\LaravelPageSpeed\\Middleware\\PageSpeed->handle(Object(Illuminate\\Http\\Request), Object(Closure))
#8 C:\\dev\\Unifiedtransform\\vendor\enatomarinho\\laravel-page-speed\\src\\Middleware\\PageSpeed.php(28): Illuminate\\Pipeline\\Pipeline->Illuminate\\Pipeline\\{closure}(Object(Illuminate\\Http\\Request))
#9 C:\\dev\\Unifiedtransform\\vendor\\laravel\\framework\\src\\Illuminate\\Pipeline\\Pipeline.php(167): RenatoMarinho\\LaravelPageSpeed\\Middleware\\PageSpeed->handle(Object(Illuminate\\Http\\Request), Object(Closure))
#10 C:\\dev\\Unifiedtransform\\vendor\enatomarinho\\laravel-page-speed\\src\\Middleware\\PageSpeed.php(28): Illuminate\\Pipeline\\Pipeline->Illuminate\\Pipeline\\{closure}(Object(Illuminate\\Http\\Request))
#11 C:\\dev\\Unifiedtransform\\vendor\\laravel\\framework\\src\\Illuminate\\Pipeline\\Pipeline.php(167): RenatoMarinho\\LaravelPageSpeed\\Middleware\\PageSpeed->handle(Object(Illuminate\\Http\\Request), Object(Closure))
#12 C:\\dev\\Unifiedtransform\\vendor\enatomarinho\\laravel-page-speed\\src\\Middleware\\PageSpeed.php(28): Illuminate\\Pipeline\\Pipeline->Illuminate\\Pipeline\\{closure}(Object(Illuminate\\Http\\Request))
#13 C:\\dev\\Unifiedtransform\\vendor\\laravel\\framework\\src\\Illuminate\\Pipeline\\Pipeline.php(167): RenatoMarinho\\LaravelPageSpeed\\Middleware\\PageSpeed->handle(Object(Illuminate\\Http\\Request), Object(Closure))
#14 C:\\dev\\Unifiedtransform\\vendor\enatomarinho\\laravel-page-speed\\src\\Middleware\\PageSpeed.php(28): Illuminate\\Pipeline\\Pipeline->Illuminate\\Pipeline\\{closure}(Object(Illuminate\\Http\\Request))
#15 C:\\dev\\Unifiedtransform\\vendor\\laravel\\framework\\src\\Illuminate\\Pipeline\\Pipeline.php(167): RenatoMarinho\\LaravelPageSpeed\\Middleware\\PageSpeed->handle(Object(Illuminate\\Http\\Request), Object(Closure))
#16 C:\\dev\\Unifiedtransform\\vendor\enatomarinho\\laravel-page-speed\\src\\Middleware\\PageSpeed.php(28): Illuminate\\Pipeline\\Pipeline->Illuminate\\Pipeline\\{closure}(Object(Illuminate\\Http\\Request))
#17 C:\\dev\\Unifiedtransform\\vendor\\laravel\\framework\\src\\Illuminate\\Pipeline\\Pipeline.php(167): RenatoMarinho\\LaravelPageSpeed\\Middleware\\PageSpeed->handle(Object(Illuminate\\Http\\Request), Object(Closure))
#18 C:\\dev\\Unifiedtransform\\vendor\enatomarinho\\laravel-page-speed\\src\\Middleware\\PageSpeed.php(28): Illuminate\\Pipeline\\Pipeline->Illuminate\\Pipeline\\{closure}(Object(Illuminate\\Http\\Request))
#19 C:\\dev\\Unifiedtransform\\vendor\\laravel\\framework\\src\\Illuminate\\Pipeline\\Pipeline.php(167): RenatoMarinho\\LaravelPageSpeed\\Middleware\\PageSpeed->handle(Object(Illuminate\\Http\\Request), Object(Closure))
#20 C:\\dev\\Unifiedtransform\\vendor\\fideloper\\proxy\\src\\TrustProxies.php(57): Illuminate\\Pipeline\\Pipeline->Illuminate\\Pipeline\\{closure}(Object(Illuminate\\Http\\Request))
#21 C:\\dev\\Unifiedtransform\\vendor\\laravel\\framework\\src\\Illuminate\\Pipeline\\Pipeline.php(167): Fideloper\\Proxy\\TrustProxies->handle(Object(Illuminate\\Http\\Request), Object(Closure))
#22 C:\\dev\\Unifiedtransform\\vendor\\laravel\\framework\\src\\Illuminate\\Foundation\\Http\\Middleware\\TransformsRequest.php(21): Illuminate\\Pipeline\\Pipeline->Illuminate\\Pipeline\\{closure}(Object(Illuminate\\Http\\Request))
#23 C:\\dev\\Unifiedtransform\\vendor\\laravel\\framework\\src\\Illuminate\\Pipeline\\Pipeline.php(167): Illuminate\\Foundation\\Http\\Middleware\\TransformsRequest->handle(Object(Illuminate\\Http\\Request), Object(Closure))
#24 C:\\dev\\Unifiedtransform\\vendor\\laravel\\framework\\src\\Illuminate\\Foundation\\Http\\Middleware\\TransformsRequest.php(21): Illuminate\\Pipeline\\Pipeline->Illuminate\\Pipeline\\{closure}(Object(Illuminate\\Http\\Request))
#25 C:\\dev\\Unifiedtransform\\vendor\\laravel\\framework\\src\\Illuminate\\Pipeline\\Pipeline.php(167): Illuminate\\Foundation\\Http\\Middleware\\TransformsRequest->handle(Object(Illuminate\\Http\\Request), Object(Closure))
#26 C:\\dev\\Unifiedtransform\\vendor\\laravel\\framework\\src\\Illuminate\\Foundation\\Http\\Middleware\\ValidatePostSize.php(27): Illuminate\\Pipeline\\Pipeline->Illuminate\\Pipeline\\{closure}(Object(Illuminate\\Http\\Request))
#27 C:\\dev\\Unifiedtransform\\vendor\\laravel\\framework\\src\\Illuminate\\Pipeline\\Pipeline.php(167): Illuminate\\Foundation\\Http\\Middleware\\ValidatePostSize->handle(Object(Illuminate\\Http\\Request), Object(Closure))
#28 C:\\dev\\Unifiedtransform\\vendor\\laravel\\framework\\src\\Illuminate\\Foundation\\Http\\Middleware\\CheckForMaintenanceMode.php(63): Illuminate\\Pipeline\\Pipeline->Illuminate\\Pipeline\\{closure}(Object(Illuminate\\Http\\Request))
#29 C:\\dev\\Unifiedtransform\\vendor\\laravel\\framework\\src\\Illuminate\\Pipeline\\Pipeline.php(167): Illuminate\\Foundation\\Http\\Middleware\\CheckForMaintenanceMode->handle(Object(Illuminate\\Http\\Request), Object(Closure))
#30 C:\\dev\\Unifiedtransform\\vendor\\laravel\\framework\\src\\Illuminate\\Pipeline\\Pipeline.php(103): Illuminate\\Pipeline\\Pipeline->Illuminate\\Pipeline\\{closure}(Object(Illuminate\\Http\\Request))
#31 C:\\dev\\Unifiedtransform\\vendor\\laravel\\framework\\src\\Illuminate\\Foundation\\Http\\Kernel.php(140): Illuminate\\Pipeline\\Pipeline->then(Object(Closure))
#32 C:\\dev\\Unifiedtransform\\vendor\\laravel\\framework\\src\\Illuminate\\Foundation\\Http\\Kernel.php(109): Illuminate\\Foundation\\Http\\Kernel->sendRequestThroughRouter(Object(Illuminate\\Http\\Request))
#33 C:\\dev\\Unifiedtransform\\public\\index.php(55): Illuminate\\Foundation\\Http\\Kernel->handle(Object(Illuminate\\Http\\Request))
#34 C:\\dev\\Unifiedtransform\\server.php(21): require_once('C:\\\\dev\\\\Unifiedt...')
#35 {main}
"} 
[2020-05-28 22:37:01] laravel.EMERGENCY: Unable to create configured logger. Using emergency logger. {"exception":"[object] (InvalidArgumentException(code: 0): Log [] is not defined. at C:\\dev\\Unifiedtransform\\vendor\\laravel\\framework\\src\\Illuminate\\Log\\LogManager.php:192)
[stacktrace]
#0 C:\\dev\\Unifiedtransform\\vendor\\laravel\\framework\\src\\Illuminate\\Log\\LogManager.php(118): Illuminate\\Log\\LogManager->resolve(NULL)
#1 C:\\dev\\Unifiedtransform\\vendor\\laravel\\framework\\src\\Illuminate\\Log\\LogManager.php(98): Illuminate\\Log\\LogManager->get(NULL)
#2 C:\\dev\\Unifiedtransform\\vendor\\laravel\\framework\\src\\Illuminate\\Log\\LogManager.php(630): Illuminate\\Log\\LogManager->driver()
#3 C:\\dev\\Unifiedtransform\\vendor\\barryvdh\\laravel-debugbar\\src\\LaravelDebugbar.php(272): Illuminate\\Log\\LogManager->__call('listen', Array)
#4 C:\\dev\\Unifiedtransform\\vendor\\barryvdh\\laravel-debugbar\\src\\Middleware\\InjectDebugbar.php(61): Barryvdh\\Debugbar\\LaravelDebugbar->boot()
#5 C:\\dev\\Unifiedtransform\\vendor\\laravel\\framework\\src\\Illuminate\\Pipeline\\Pipeline.php(167): Barryvdh\\Debugbar\\Middleware\\InjectDebugbar->handle(Object(Illuminate\\Http\\Request), Object(Closure))
#6 C:\\dev\\Unifiedtransform\\vendor\\fideloper\\proxy\\src\\TrustProxies.php(57): Illuminate\\Pipeline\\Pipeline->Illuminate\\Pipeline\\{closure}(Object(Illuminate\\Http\\Request))
#7 C:\\dev\\Unifiedtransform\\vendor\\laravel\\framework\\src\\Illuminate\\Pipeline\\Pipeline.php(167): Fideloper\\Proxy\\TrustProxies->handle(Object(Illuminate\\Http\\Request), Object(Closure))
#8 C:\\dev\\Unifiedtransform\\vendor\\laravel\\framework\\src\\Illuminate\\Foundation\\Http\\Middleware\\TransformsRequest.php(21): Illuminate\\Pipeline\\Pipeline->Illuminate\\Pipeline\\{closure}(Object(Illuminate\\Http\\Request))
#9 C:\\dev\\Unifiedtransform\\vendor\\laravel\\framework\\src\\Illuminate\\Pipeline\\Pipeline.php(167): Illuminate\\Foundation\\Http\\Middleware\\TransformsRequest->handle(Object(Illuminate\\Http\\Request), Object(Closure))
#10 C:\\dev\\Unifiedtransform\\vendor\\laravel\\framework\\src\\Illuminate\\Foundation\\Http\\Middleware\\TransformsRequest.php(21): Illuminate\\Pipeline\\Pipeline->Illuminate\\Pipeline\\{closure}(Object(Illuminate\\Http\\Request))
#11 C:\\dev\\Unifiedtransform\\vendor\\laravel\\framework\\src\\Illuminate\\Pipeline\\Pipeline.php(167): Illuminate\\Foundation\\Http\\Middleware\\TransformsRequest->handle(Object(Illuminate\\Http\\Request), Object(Closure))
#12 C:\\dev\\Unifiedtransform\\vendor\\laravel\\framework\\src\\Illuminate\\Foundation\\Http\\Middleware\\ValidatePostSize.php(27): Illuminate\\Pipeline\\Pipeline->Illuminate\\Pipeline\\{closure}(Object(Illuminate\\Http\\Request))
#13 C:\\dev\\Unifiedtransform\\vendor\\laravel\\framework\\src\\Illuminate\\Pipeline\\Pipeline.php(167): Illuminate\\Foundation\\Http\\Middleware\\ValidatePostSize->handle(Object(Illuminate\\Http\\Request), Object(Closure))
#14 C:\\dev\\Unifiedtransform\\vendor\\laravel\\framework\\src\\Illuminate\\Foundation\\Http\\Middleware\\CheckForMaintenanceMode.php(63): Illuminate\\Pipeline\\Pipeline->Illuminate\\Pipeline\\{closure}(Object(Illuminate\\Http\\Request))
#15 C:\\dev\\Unifiedtransform\\vendor\\laravel\\framework\\src\\Illuminate\\Pipeline\\Pipeline.php(167): Illuminate\\Foundation\\Http\\Middleware\\CheckForMaintenanceMode->handle(Object(Illuminate\\Http\\Request), Object(Closure))
#16 C:\\dev\\Unifiedtransform\\vendor\\laravel\\framework\\src\\Illuminate\\Pipeline\\Pipeline.php(103): Illuminate\\Pipeline\\Pipeline->Illuminate\\Pipeline\\{closure}(Object(Illuminate\\Http\\Request))
#17 C:\\dev\\Unifiedtransform\\vendor\\laravel\\framework\\src\\Illuminate\\Foundation\\Http\\Kernel.php(140): Illuminate\\Pipeline\\Pipeline->then(Object(Closure))
#18 C:\\dev\\Unifiedtransform\\vendor\\laravel\\framework\\src\\Illuminate\\Foundation\\Http\\Kernel.php(109): Illuminate\\Foundation\\Http\\Kernel->sendRequestThroughRouter(Object(Illuminate\\Http\\Request))
#19 C:\\dev\\Unifiedtransform\\public\\index.php(55): Illuminate\\Foundation\\Http\\Kernel->handle(Object(Illuminate\\Http\\Request))
#20 C:\\dev\\Unifiedtransform\\server.php(21): require_once('C:\\\\dev\\\\Unifiedt...')
#21 {main}
"} 
[2020-05-28 22:37:05] laravel.EMERGENCY: Unable to create configured logger. Using emergency logger. {"exception":"[object] (InvalidArgumentException(code: 0): Log [] is not defined. at C:\\dev\\Unifiedtransform\\vendor\\laravel\\framework\\src\\Illuminate\\Log\\LogManager.php:192)
[stacktrace]
#0 C:\\dev\\Unifiedtransform\\vendor\\laravel\\framework\\src\\Illuminate\\Log\\LogManager.php(118): Illuminate\\Log\\LogManager->resolve(NULL)
#1 C:\\dev\\Unifiedtransform\\vendor\\laravel\\framework\\src\\Illuminate\\Log\\LogManager.php(98): Illuminate\\Log\\LogManager->get(NULL)
#2 C:\\dev\\Unifiedtransform\\vendor\\laravel\\framework\\src\\Illuminate\\Log\\LogManager.php(630): Illuminate\\Log\\LogManager->driver()
#3 C:\\dev\\Unifiedtransform\\vendor\\barryvdh\\laravel-debugbar\\src\\LaravelDebugbar.php(272): Illuminate\\Log\\LogManager->__call('listen', Array)
#4 C:\\dev\\Unifiedtransform\\vendor\\barryvdh\\laravel-debugbar\\src\\Middleware\\InjectDebugbar.php(61): Barryvdh\\Debugbar\\LaravelDebugbar->boot()
#5 C:\\dev\\Unifiedtransform\\vendor\\laravel\\framework\\src\\Illuminate\\Pipeline\\Pipeline.php(167): Barryvdh\\Debugbar\\Middleware\\InjectDebugbar->handle(Object(Illuminate\\Http\\Request), Object(Closure))
#6 C:\\dev\\Unifiedtransform\\vendor\\fideloper\\proxy\\src\\TrustProxies.php(57): Illuminate\\Pipeline\\Pipeline->Illuminate\\Pipeline\\{closure}(Object(Illuminate\\Http\\Request))
#7 C:\\dev\\Unifiedtransform\\vendor\\laravel\\framework\\src\\Illuminate\\Pipeline\\Pipeline.php(167): Fideloper\\Proxy\\TrustProxies->handle(Object(Illuminate\\Http\\Request), Object(Closure))
#8 C:\\dev\\Unifiedtransform\\vendor\\laravel\\framework\\src\\Illuminate\\Foundation\\Http\\Middleware\\TransformsRequest.php(21): Illuminate\\Pipeline\\Pipeline->Illuminate\\Pipeline\\{closure}(Object(Illuminate\\Http\\Request))
#9 C:\\dev\\Unifiedtransform\\vendor\\laravel\\framework\\src\\Illuminate\\Pipeline\\Pipeline.php(167): Illuminate\\Foundation\\Http\\Middleware\\TransformsRequest->handle(Object(Illuminate\\Http\\Request), Object(Closure))
#10 C:\\dev\\Unifiedtransform\\vendor\\laravel\\framework\\src\\Illuminate\\Foundation\\Http\\Middleware\\TransformsRequest.php(21): Illuminate\\Pipeline\\Pipeline->Illuminate\\Pipeline\\{closure}(Object(Illuminate\\Http\\Request))
#11 C:\\dev\\Unifiedtransform\\vendor\\laravel\\framework\\src\\Illuminate\\Pipeline\\Pipeline.php(167): Illuminate\\Foundation\\Http\\Middleware\\TransformsRequest->handle(Object(Illuminate\\Http\\Request), Object(Closure))
#12 C:\\dev\\Unifiedtransform\\vendor\\laravel\\framework\\src\\Illuminate\\Foundation\\Http\\Middleware\\ValidatePostSize.php(27): Illuminate\\Pipeline\\Pipeline->Illuminate\\Pipeline\\{closure}(Object(Illuminate\\Http\\Request))
#13 C:\\dev\\Unifiedtransform\\vendor\\laravel\\framework\\src\\Illuminate\\Pipeline\\Pipeline.php(167): Illuminate\\Foundation\\Http\\Middleware\\ValidatePostSize->handle(Object(Illuminate\\Http\\Request), Object(Closure))
#14 C:\\dev\\Unifiedtransform\\vendor\\laravel\\framework\\src\\Illuminate\\Foundation\\Http\\Middleware\\CheckForMaintenanceMode.php(63): Illuminate\\Pipeline\\Pipeline->Illuminate\\Pipeline\\{closure}(Object(Illuminate\\Http\\Request))
#15 C:\\dev\\Unifiedtransform\\vendor\\laravel\\framework\\src\\Illuminate\\Pipeline\\Pipeline.php(167): Illuminate\\Foundation\\Http\\Middleware\\CheckForMaintenanceMode->handle(Object(Illuminate\\Http\\Request), Object(Closure))
#16 C:\\dev\\Unifiedtransform\\vendor\\laravel\\framework\\src\\Illuminate\\Pipeline\\Pipeline.php(103): Illuminate\\Pipeline\\Pipeline->Illuminate\\Pipeline\\{closure}(Object(Illuminate\\Http\\Request))
#17 C:\\dev\\Unifiedtransform\\vendor\\laravel\\framework\\src\\Illuminate\\Foundation\\Http\\Kernel.php(140): Illuminate\\Pipeline\\Pipeline->then(Object(Closure))
#18 C:\\dev\\Unifiedtransform\\vendor\\laravel\\framework\\src\\Illuminate\\Foundation\\Http\\Kernel.php(109): Illuminate\\Foundation\\Http\\Kernel->sendRequestThroughRouter(Object(Illuminate\\Http\\Request))
#19 C:\\dev\\Unifiedtransform\\public\\index.php(55): Illuminate\\Foundation\\Http\\Kernel->handle(Object(Illuminate\\Http\\Request))
#20 C:\\dev\\Unifiedtransform\\server.php(21): require_once('C:\\\\dev\\\\Unifiedt...')
#21 {main}
"} 
[2020-05-28 22:59:22] laravel.EMERGENCY: Unable to create configured logger. Using emergency logger. {"exception":"[object] (InvalidArgumentException(code: 0): Log [] is not defined. at C:\\dev\\Unifiedtransform\\vendor\\laravel\\framework\\src\\Illuminate\\Log\\LogManager.php:192)
[stacktrace]
#0 C:\\dev\\Unifiedtransform\\vendor\\laravel\\framework\\src\\Illuminate\\Log\\LogManager.php(118): Illuminate\\Log\\LogManager->resolve(NULL)
#1 C:\\dev\\Unifiedtransform\\vendor\\laravel\\framework\\src\\Illuminate\\Log\\LogManager.php(98): Illuminate\\Log\\LogManager->get(NULL)
#2 C:\\dev\\Unifiedtransform\\vendor\\laravel\\framework\\src\\Illuminate\\Log\\LogManager.php(630): Illuminate\\Log\\LogManager->driver()
#3 C:\\dev\\Unifiedtransform\\vendor\\barryvdh\\laravel-debugbar\\src\\LaravelDebugbar.php(272): Illuminate\\Log\\LogManager->__call('listen', Array)
#4 C:\\dev\\Unifiedtransform\\vendor\\barryvdh\\laravel-debugbar\\src\\Middleware\\InjectDebugbar.php(61): Barryvdh\\Debugbar\\LaravelDebugbar->boot()
#5 C:\\dev\\Unifiedtransform\\vendor\\laravel\\framework\\src\\Illuminate\\Pipeline\\Pipeline.php(167): Barryvdh\\Debugbar\\Middleware\\InjectDebugbar->handle(Object(Illuminate\\Http\\Request), Object(Closure))
#6 C:\\dev\\Unifiedtransform\\vendor\\fideloper\\proxy\\src\\TrustProxies.php(57): Illuminate\\Pipeline\\Pipeline->Illuminate\\Pipeline\\{closure}(Object(Illuminate\\Http\\Request))
#7 C:\\dev\\Unifiedtransform\\vendor\\laravel\\framework\\src\\Illuminate\\Pipeline\\Pipeline.php(167): Fideloper\\Proxy\\TrustProxies->handle(Object(Illuminate\\Http\\Request), Object(Closure))
#8 C:\\dev\\Unifiedtransform\\vendor\\laravel\\framework\\src\\Illuminate\\Foundation\\Http\\Middleware\\TransformsRequest.php(21): Illuminate\\Pipeline\\Pipeline->Illuminate\\Pipeline\\{closure}(Object(Illuminate\\Http\\Request))
#9 C:\\dev\\Unifiedtransform\\vendor\\laravel\\framework\\src\\Illuminate\\Pipeline\\Pipeline.php(167): Illuminate\\Foundation\\Http\\Middleware\\TransformsRequest->handle(Object(Illuminate\\Http\\Request), Object(Closure))
#10 C:\\dev\\Unifiedtransform\\vendor\\laravel\\framework\\src\\Illuminate\\Foundation\\Http\\Middleware\\TransformsRequest.php(21): Illuminate\\Pipeline\\Pipeline->Illuminate\\Pipeline\\{closure}(Object(Illuminate\\Http\\Request))
#11 C:\\dev\\Unifiedtransform\\vendor\\laravel\\framework\\src\\Illuminate\\Pipeline\\Pipeline.php(167): Illuminate\\Foundation\\Http\\Middleware\\TransformsRequest->handle(Object(Illuminate\\Http\\Request), Object(Closure))
#12 C:\\dev\\Unifiedtransform\\vendor\\laravel\\framework\\src\\Illuminate\\Foundation\\Http\\Middleware\\ValidatePostSize.php(27): Illuminate\\Pipeline\\Pipeline->Illuminate\\Pipeline\\{closure}(Object(Illuminate\\Http\\Request))
#13 C:\\dev\\Unifiedtransform\\vendor\\laravel\\framework\\src\\Illuminate\\Pipeline\\Pipeline.php(167): Illuminate\\Foundation\\Http\\Middleware\\ValidatePostSize->handle(Object(Illuminate\\Http\\Request), Object(Closure))
#14 C:\\dev\\Unifiedtransform\\vendor\\laravel\\framework\\src\\Illuminate\\Foundation\\Http\\Middleware\\CheckForMaintenanceMode.php(63): Illuminate\\Pipeline\\Pipeline->Illuminate\\Pipeline\\{closure}(Object(Illuminate\\Http\\Request))
#15 C:\\dev\\Unifiedtransform\\vendor\\laravel\\framework\\src\\Illuminate\\Pipeline\\Pipeline.php(167): Illuminate\\Foundation\\Http\\Middleware\\CheckForMaintenanceMode->handle(Object(Illuminate\\Http\\Request), Object(Closure))
#16 C:\\dev\\Unifiedtransform\\vendor\\laravel\\framework\\src\\Illuminate\\Pipeline\\Pipeline.php(103): Illuminate\\Pipeline\\Pipeline->Illuminate\\Pipeline\\{closure}(Object(Illuminate\\Http\\Request))
#17 C:\\dev\\Unifiedtransform\\vendor\\laravel\\framework\\src\\Illuminate\\Foundation\\Http\\Kernel.php(140): Illuminate\\Pipeline\\Pipeline->then(Object(Closure))
#18 C:\\dev\\Unifiedtransform\\vendor\\laravel\\framework\\src\\Illuminate\\Foundation\\Http\\Kernel.php(109): Illuminate\\Foundation\\Http\\Kernel->sendRequestThroughRouter(Object(Illuminate\\Http\\Request))
#19 C:\\dev\\Unifiedtransform\\public\\index.php(55): Illuminate\\Foundation\\Http\\Kernel->handle(Object(Illuminate\\Http\\Request))
#20 C:\\dev\\Unifiedtransform\\server.php(21): require_once('C:\\\\dev\\\\Unifiedt...')
#21 {main}
"} 
[2020-05-28 22:59:34] laravel.EMERGENCY: Unable to create configured logger. Using emergency logger. {"exception":"[object] (InvalidArgumentException(code: 0): Log [] is not defined. at C:\\dev\\Unifiedtransform\\vendor\\laravel\\framework\\src\\Illuminate\\Log\\LogManager.php:192)
[stacktrace]
#0 C:\\dev\\Unifiedtransform\\vendor\\laravel\\framework\\src\\Illuminate\\Log\\LogManager.php(118): Illuminate\\Log\\LogManager->resolve(NULL)
#1 C:\\dev\\Unifiedtransform\\vendor\\laravel\\framework\\src\\Illuminate\\Log\\LogManager.php(98): Illuminate\\Log\\LogManager->get(NULL)
#2 C:\\dev\\Unifiedtransform\\vendor\\laravel\\framework\\src\\Illuminate\\Log\\LogManager.php(630): Illuminate\\Log\\LogManager->driver()
#3 C:\\dev\\Unifiedtransform\\vendor\\barryvdh\\laravel-debugbar\\src\\LaravelDebugbar.php(272): Illuminate\\Log\\LogManager->__call('listen', Array)
#4 C:\\dev\\Unifiedtransform\\vendor\\barryvdh\\laravel-debugbar\\src\\Middleware\\InjectDebugbar.php(61): Barryvdh\\Debugbar\\LaravelDebugbar->boot()
#5 C:\\dev\\Unifiedtransform\\vendor\\laravel\\framework\\src\\Illuminate\\Pipeline\\Pipeline.php(167): Barryvdh\\Debugbar\\Middleware\\InjectDebugbar->handle(Object(Illuminate\\Http\\Request), Object(Closure))
#6 C:\\dev\\Unifiedtransform\\vendor\\fideloper\\proxy\\src\\TrustProxies.php(57): Illuminate\\Pipeline\\Pipeline->Illuminate\\Pipeline\\{closure}(Object(Illuminate\\Http\\Request))
#7 C:\\dev\\Unifiedtransform\\vendor\\laravel\\framework\\src\\Illuminate\\Pipeline\\Pipeline.php(167): Fideloper\\Proxy\\TrustProxies->handle(Object(Illuminate\\Http\\Request), Object(Closure))
#8 C:\\dev\\Unifiedtransform\\vendor\\laravel\\framework\\src\\Illuminate\\Foundation\\Http\\Middleware\\TransformsRequest.php(21): Illuminate\\Pipeline\\Pipeline->Illuminate\\Pipeline\\{closure}(Object(Illuminate\\Http\\Request))
#9 C:\\dev\\Unifiedtransform\\vendor\\laravel\\framework\\src\\Illuminate\\Pipeline\\Pipeline.php(167): Illuminate\\Foundation\\Http\\Middleware\\TransformsRequest->handle(Object(Illuminate\\Http\\Request), Object(Closure))
#10 C:\\dev\\Unifiedtransform\\vendor\\laravel\\framework\\src\\Illuminate\\Foundation\\Http\\Middleware\\TransformsRequest.php(21): Illuminate\\Pipeline\\Pipeline->Illuminate\\Pipeline\\{closure}(Object(Illuminate\\Http\\Request))
#11 C:\\dev\\Unifiedtransform\\vendor\\laravel\\framework\\src\\Illuminate\\Pipeline\\Pipeline.php(167): Illuminate\\Foundation\\Http\\Middleware\\TransformsRequest->handle(Object(Illuminate\\Http\\Request), Object(Closure))
#12 C:\\dev\\Unifiedtransform\\vendor\\laravel\\framework\\src\\Illuminate\\Foundation\\Http\\Middleware\\ValidatePostSize.php(27): Illuminate\\Pipeline\\Pipeline->Illuminate\\Pipeline\\{closure}(Object(Illuminate\\Http\\Request))
#13 C:\\dev\\Unifiedtransform\\vendor\\laravel\\framework\\src\\Illuminate\\Pipeline\\Pipeline.php(167): Illuminate\\Foundation\\Http\\Middleware\\ValidatePostSize->handle(Object(Illuminate\\Http\\Request), Object(Closure))
#14 C:\\dev\\Unifiedtransform\\vendor\\laravel\\framework\\src\\Illuminate\\Foundation\\Http\\Middleware\\CheckForMaintenanceMode.php(63): Illuminate\\Pipeline\\Pipeline->Illuminate\\Pipeline\\{closure}(Object(Illuminate\\Http\\Request))
#15 C:\\dev\\Unifiedtransform\\vendor\\laravel\\framework\\src\\Illuminate\\Pipeline\\Pipeline.php(167): Illuminate\\Foundation\\Http\\Middleware\\CheckForMaintenanceMode->handle(Object(Illuminate\\Http\\Request), Object(Closure))
#16 C:\\dev\\Unifiedtransform\\vendor\\laravel\\framework\\src\\Illuminate\\Pipeline\\Pipeline.php(103): Illuminate\\Pipeline\\Pipeline->Illuminate\\Pipeline\\{closure}(Object(Illuminate\\Http\\Request))
#17 C:\\dev\\Unifiedtransform\\vendor\\laravel\\framework\\src\\Illuminate\\Foundation\\Http\\Kernel.php(140): Illuminate\\Pipeline\\Pipeline->then(Object(Closure))
#18 C:\\dev\\Unifiedtransform\\vendor\\laravel\\framework\\src\\Illuminate\\Foundation\\Http\\Kernel.php(109): Illuminate\\Foundation\\Http\\Kernel->sendRequestThroughRouter(Object(Illuminate\\Http\\Request))
#19 C:\\dev\\Unifiedtransform\\public\\index.php(55): Illuminate\\Foundation\\Http\\Kernel->handle(Object(Illuminate\\Http\\Request))
#20 C:\\dev\\Unifiedtransform\\server.php(21): require_once('C:\\\\dev\\\\Unifiedt...')
#21 {main}
"} 
[2020-05-28 23:02:37] laravel.EMERGENCY: Unable to create configured logger. Using emergency logger. {"exception":"[object] (InvalidArgumentException(code: 0): Log [] is not defined. at C:\\dev\\Unifiedtransform\\vendor\\laravel\\framework\\src\\Illuminate\\Log\\LogManager.php:192)
[stacktrace]
#0 C:\\dev\\Unifiedtransform\\vendor\\laravel\\framework\\src\\Illuminate\\Log\\LogManager.php(118): Illuminate\\Log\\LogManager->resolve(NULL)
#1 C:\\dev\\Unifiedtransform\\vendor\\laravel\\framework\\src\\Illuminate\\Log\\LogManager.php(98): Illuminate\\Log\\LogManager->get(NULL)
#2 C:\\dev\\Unifiedtransform\\vendor\\laravel\\framework\\src\\Illuminate\\Log\\LogManager.php(547): Illuminate\\Log\\LogManager->driver()
#3 C:\\dev\\Unifiedtransform\\vendor\\laravel\\framework\\src\\Illuminate\\Foundation\\Exceptions\\Handler.php(122): Illuminate\\Log\\LogManager->error('SQLSTATE[23000]...', Array)
#4 C:\\dev\\Unifiedtransform\\app\\Exceptions\\Handler.php(39): Illuminate\\Foundation\\Exceptions\\Handler->report(Object(Illuminate\\Database\\QueryException))
#5 C:\\dev\\Unifiedtransform\\vendor\
unomaduro\\collision\\src\\Adapters\\Laravel\\ExceptionHandler.php(57): App\\Exceptions\\Handler->report(Object(Illuminate\\Database\\QueryException))
#6 C:\\dev\\Unifiedtransform\\vendor\\laravel\\framework\\src\\Illuminate\\Foundation\\Console\\Kernel.php(366): NunoMaduro\\Collision\\Adapters\\Laravel\\ExceptionHandler->report(Object(Illuminate\\Database\\QueryException))
#7 C:\\dev\\Unifiedtransform\\vendor\\laravel\\framework\\src\\Illuminate\\Foundation\\Console\\Kernel.php(131): Illuminate\\Foundation\\Console\\Kernel->reportException(Object(Illuminate\\Database\\QueryException))
#8 C:\\dev\\Unifiedtransform\\artisan(37): Illuminate\\Foundation\\Console\\Kernel->handle(Object(Symfony\\Component\\Console\\Input\\ArgvInput), Object(Symfony\\Component\\Console\\Output\\ConsoleOutput))
#9 {main}
"} 
[2020-05-28 23:02:37] laravel.ERROR: SQLSTATE[23000]: Integrity constraint violation: 1062 Duplicate entry 'swastikm2000@gmail.com' for key 'users.users_email_unique' (SQL: insert into `users` (`name`, `email`, `password`, `role`, `active`, `verified`) values (swastik, swastikm2000@gmail.com, $2y$10$NyxDaQDTPQLoikguVVfKNeDwcwiCNcPEfH26i6PgTMOsVKGYZvoEu, master, 1, 1)) {"exception":"[object] (Illuminate\\Database\\QueryException(code: 23000): SQLSTATE[23000]: Integrity constraint violation: 1062 Duplicate entry 'swastikm2000@gmail.com' for key 'users.users_email_unique' (SQL: insert into `users` (`name`, `email`, `password`, `role`, `active`, `verified`) values (swastik, swastikm2000@gmail.com, $2y$10$NyxDaQDTPQLoikguVVfKNeDwcwiCNcPEfH26i6PgTMOsVKGYZvoEu, master, 1, 1)) at C:\\dev\\Unifiedtransform\\vendor\\laravel\\framework\\src\\Illuminate\\Database\\Connection.php:671)
[stacktrace]
#0 C:\\dev\\Unifiedtransform\\vendor\\laravel\\framework\\src\\Illuminate\\Database\\Connection.php(631): Illuminate\\Database\\Connection->runQueryCallback('insert into `us...', Array, Object(Closure))
#1 C:\\dev\\Unifiedtransform\\vendor\\laravel\\framework\\src\\Illuminate\\Database\\Connection.php(465): Illuminate\\Database\\Connection->run('insert into `us...', Array, Object(Closure))
#2 C:\\dev\\Unifiedtransform\\vendor\\laravel\\framework\\src\\Illuminate\\Database\\Connection.php(417): Illuminate\\Database\\Connection->statement('insert into `us...', Array)
#3 C:\\dev\\Unifiedtransform\\vendor\\laravel\\framework\\src\\Illuminate\\Database\\Query\\Builder.php(2727): Illuminate\\Database\\Connection->insert('insert into `us...', Array)
#4 C:\\dev\\Unifiedtransform\\database\\seeds\\UsersTableSeeder.php(21): Illuminate\\Database\\Query\\Builder->insert(Array)
#5 [internal function]: UsersTableSeeder->run()
#6 C:\\dev\\Unifiedtransform\\vendor\\laravel\\framework\\src\\Illuminate\\Container\\BoundMethod.php(33): call_user_func_array(Array, Array)
#7 C:\\dev\\Unifiedtransform\\vendor\\laravel\\framework\\src\\Illuminate\\Container\\Util.php(36): Illuminate\\Container\\BoundMethod::Illuminate\\Container\\{closure}()
#8 C:\\dev\\Unifiedtransform\\vendor\\laravel\\framework\\src\\Illuminate\\Container\\BoundMethod.php(91): Illuminate\\Container\\Util::unwrapIfClosure(Object(Closure))
#9 C:\\dev\\Unifiedtransform\\vendor\\laravel\\framework\\src\\Illuminate\\Container\\BoundMethod.php(35): Illuminate\\Container\\BoundMethod::callBoundMethod(Object(Illuminate\\Foundation\\Application), Array, Object(Closure))
#10 C:\\dev\\Unifiedtransform\\vendor\\laravel\\framework\\src\\Illuminate\\Container\\Container.php(592): Illuminate\\Container\\BoundMethod::call(Object(Illuminate\\Foundation\\Application), Array, Array, NULL)
#11 C:\\dev\\Unifiedtransform\\vendor\\laravel\\framework\\src\\Illuminate\\Database\\Seeder.php(134): Illuminate\\Container\\Container->call(Array)
#12 C:\\dev\\Unifiedtransform\\vendor\\laravel\\framework\\src\\Illuminate\\Database\\Seeder.php(48): Illuminate\\Database\\Seeder->__invoke()
#13 C:\\dev\\Unifiedtransform\\database\\seeds\\DatabaseSeeder.php(18): Illuminate\\Database\\Seeder->call('UsersTableSeede...')
#14 [internal function]: DatabaseSeeder->run()
#15 C:\\dev\\Unifiedtransform\\vendor\\laravel\\framework\\src\\Illuminate\\Container\\BoundMethod.php(33): call_user_func_array(Array, Array)
#16 C:\\dev\\Unifiedtransform\\vendor\\laravel\\framework\\src\\Illuminate\\Container\\Util.php(36): Illuminate\\Container\\BoundMethod::Illuminate\\Container\\{closure}()
#17 C:\\dev\\Unifiedtransform\\vendor\\laravel\\framework\\src\\Illuminate\\Container\\BoundMethod.php(91): Illuminate\\Container\\Util::unwrapIfClosure(Object(Closure))
#18 C:\\dev\\Unifiedtransform\\vendor\\laravel\\framework\\src\\Illuminate\\Container\\BoundMethod.php(35): Illuminate\\Container\\BoundMethod::callBoundMethod(Object(Illuminate\\Foundation\\Application), Array, Object(Closure))
#19 C:\\dev\\Unifiedtransform\\vendor\\laravel\\framework\\src\\Illuminate\\Container\\Container.php(592): Illuminate\\Container\\BoundMethod::call(Object(Illuminate\\Foundation\\Application), Array, Array, NULL)
#20 C:\\dev\\Unifiedtransform\\vendor\\laravel\\framework\\src\\Illuminate\\Database\\Seeder.php(134): Illuminate\\Container\\Container->call(Array)
#21 C:\\dev\\Unifiedtransform\\vendor\\laravel\\framework\\src\\Illuminate\\Database\\Console\\Seeds\\SeedCommand.php(65): Illuminate\\Database\\Seeder->__invoke()
#22 C:\\dev\\Unifiedtransform\\vendor\\laravel\\framework\\src\\Illuminate\\Database\\Eloquent\\Concerns\\GuardsAttributes.php(148): Illuminate\\Database\\Console\\Seeds\\SeedCommand->Illuminate\\Database\\Console\\Seeds\\{closure}()
#23 C:\\dev\\Unifiedtransform\\vendor\\laravel\\framework\\src\\Illuminate\\Database\\Console\\Seeds\\SeedCommand.php(66): Illuminate\\Database\\Eloquent\\Model::unguarded(Object(Closure))
#24 [internal function]: Illuminate\\Database\\Console\\Seeds\\SeedCommand->handle()
#25 C:\\dev\\Unifiedtransform\\vendor\\laravel\\framework\\src\\Illuminate\\Container\\BoundMethod.php(33): call_user_func_array(Array, Array)
#26 C:\\dev\\Unifiedtransform\\vendor\\laravel\\framework\\src\\Illuminate\\Container\\Util.php(36): Illuminate\\Container\\BoundMethod::Illuminate\\Container\\{closure}()
#27 C:\\dev\\Unifiedtransform\\vendor\\laravel\\framework\\src\\Illuminate\\Container\\BoundMethod.php(91): Illuminate\\Container\\Util::unwrapIfClosure(Object(Closure))
#28 C:\\dev\\Unifiedtransform\\vendor\\laravel\\framework\\src\\Illuminate\\Container\\BoundMethod.php(35): Illuminate\\Container\\BoundMethod::callBoundMethod(Object(Illuminate\\Foundation\\Application), Array, Object(Closure))
#29 C:\\dev\\Unifiedtransform\\vendor\\laravel\\framework\\src\\Illuminate\\Container\\Container.php(592): Illuminate\\Container\\BoundMethod::call(Object(Illuminate\\Foundation\\Application), Array, Array, NULL)
#30 C:\\dev\\Unifiedtransform\\vendor\\laravel\\framework\\src\\Illuminate\\Console\\Command.php(134): Illuminate\\Container\\Container->call(Array)
#31 C:\\dev\\Unifiedtransform\\vendor\\symfony\\console\\Command\\Command.php(255): Illuminate\\Console\\Command->execute(Object(Symfony\\Component\\Console\\Input\\ArgvInput), Object(Illuminate\\Console\\OutputStyle))
#32 C:\\dev\\Unifiedtransform\\vendor\\laravel\\framework\\src\\Illuminate\\Console\\Command.php(121): Symfony\\Component\\Console\\Command\\Command->run(Object(Symfony\\Component\\Console\\Input\\ArgvInput), Object(Illuminate\\Console\\OutputStyle))
#33 C:\\dev\\Unifiedtransform\\vendor\\symfony\\console\\Application.php(912): Illuminate\\Console\\Command->run(Object(Symfony\\Component\\Console\\Input\\ArgvInput), Object(Symfony\\Component\\Console\\Output\\ConsoleOutput))
#34 C:\\dev\\Unifiedtransform\\vendor\\symfony\\console\\Application.php(264): Symfony\\Component\\Console\\Application->doRunCommand(Object(Illuminate\\Database\\Console\\Seeds\\SeedCommand), Object(Symfony\\Component\\Console\\Input\\ArgvInput), Object(Symfony\\Component\\Console\\Output\\ConsoleOutput))
#35 C:\\dev\\Unifiedtransform\\vendor\\symfony\\console\\Application.php(140): Symfony\\Component\\Console\\Application->doRun(Object(Symfony\\Component\\Console\\Input\\ArgvInput), Object(Symfony\\Component\\Console\\Output\\ConsoleOutput))
#36 C:\\dev\\Unifiedtransform\\vendor\\laravel\\framework\\src\\Illuminate\\Console\\Application.php(93): Symfony\\Component\\Console\\Application->run(Object(Symfony\\Component\\Console\\Input\\ArgvInput), Object(Symfony\\Component\\Console\\Output\\ConsoleOutput))
#37 C:\\dev\\Unifiedtransform\\vendor\\laravel\\framework\\src\\Illuminate\\Foundation\\Console\\Kernel.php(129): Illuminate\\Console\\Application->run(Object(Symfony\\Component\\Console\\Input\\ArgvInput), Object(Symfony\\Component\\Console\\Output\\ConsoleOutput))
#38 C:\\dev\\Unifiedtransform\\artisan(37): Illuminate\\Foundation\\Console\\Kernel->handle(Object(Symfony\\Component\\Console\\Input\\ArgvInput), Object(Symfony\\Component\\Console\\Output\\ConsoleOutput))
#39 {main}

[previous exception] [object] (Doctrine\\DBAL\\Driver\\PDOException(code: 23000): SQLSTATE[23000]: Integrity constraint violation: 1062 Duplicate entry 'swastikm2000@gmail.com' for key 'users.users_email_unique' at C:\\dev\\Unifiedtransform\\vendor\\doctrine\\dbal\\lib\\Doctrine\\DBAL\\Driver\\PDOStatement.php:129)
[stacktrace]
#0 C:\\dev\\Unifiedtransform\\vendor\\laravel\\framework\\src\\Illuminate\\Database\\Connection.php(464): Doctrine\\DBAL\\Driver\\PDOStatement->execute()
#1 C:\\dev\\Unifiedtransform\\vendor\\laravel\\framework\\src\\Illuminate\\Database\\Connection.php(664): Illuminate\\Database\\Connection->Illuminate\\Database\\{closure}('insert into `us...', Array)
#2 C:\\dev\\Unifiedtransform\\vendor\\laravel\\framework\\src\\Illuminate\\Database\\Connection.php(631): Illuminate\\Database\\Connection->runQueryCallback('insert into `us...', Array, Object(Closure))
#3 C:\\dev\\Unifiedtransform\\vendor\\laravel\\framework\\src\\Illuminate\\Database\\Connection.php(465): Illuminate\\Database\\Connection->run('insert into `us...', Array, Object(Closure))
#4 C:\\dev\\Unifiedtransform\\vendor\\laravel\\framework\\src\\Illuminate\\Database\\Connection.php(417): Illuminate\\Database\\Connection->statement('insert into `us...', Array)
#5 C:\\dev\\Unifiedtransform\\vendor\\laravel\\framework\\src\\Illuminate\\Database\\Query\\Builder.php(2727): Illuminate\\Database\\Connection->insert('insert into `us...', Array)
#6 C:\\dev\\Unifiedtransform\\database\\seeds\\UsersTableSeeder.php(21): Illuminate\\Database\\Query\\Builder->insert(Array)
#7 [internal function]: UsersTableSeeder->run()
#8 C:\\dev\\Unifiedtransform\\vendor\\laravel\\framework\\src\\Illuminate\\Container\\BoundMethod.php(33): call_user_func_array(Array, Array)
#9 C:\\dev\\Unifiedtransform\\vendor\\laravel\\framework\\src\\Illuminate\\Container\\Util.php(36): Illuminate\\Container\\BoundMethod::Illuminate\\Container\\{closure}()
#10 C:\\dev\\Unifiedtransform\\vendor\\laravel\\framework\\src\\Illuminate\\Container\\BoundMethod.php(91): Illuminate\\Container\\Util::unwrapIfClosure(Object(Closure))
#11 C:\\dev\\Unifiedtransform\\vendor\\laravel\\framework\\src\\Illuminate\\Container\\BoundMethod.php(35): Illuminate\\Container\\BoundMethod::callBoundMethod(Object(Illuminate\\Foundation\\Application), Array, Object(Closure))
#12 C:\\dev\\Unifiedtransform\\vendor\\laravel\\framework\\src\\Illuminate\\Container\\Container.php(592): Illuminate\\Container\\BoundMethod::call(Object(Illuminate\\Foundation\\Application), Array, Array, NULL)
#13 C:\\dev\\Unifiedtransform\\vendor\\laravel\\framework\\src\\Illuminate\\Database\\Seeder.php(134): Illuminate\\Container\\Container->call(Array)
#14 C:\\dev\\Unifiedtransform\\vendor\\laravel\\framework\\src\\Illuminate\\Database\\Seeder.php(48): Illuminate\\Database\\Seeder->__invoke()
#15 C:\\dev\\Unifiedtransform\\database\\seeds\\DatabaseSeeder.php(18): Illuminate\\Database\\Seeder->call('UsersTableSeede...')
#16 [internal function]: DatabaseSeeder->run()
#17 C:\\dev\\Unifiedtransform\\vendor\\laravel\\framework\\src\\Illuminate\\Container\\BoundMethod.php(33): call_user_func_array(Array, Array)
#18 C:\\dev\\Unifiedtransform\\vendor\\laravel\\framework\\src\\Illuminate\\Container\\Util.php(36): Illuminate\\Container\\BoundMethod::Illuminate\\Container\\{closure}()
#19 C:\\dev\\Unifiedtransform\\vendor\\laravel\\framework\\src\\Illuminate\\Container\\BoundMethod.php(91): Illuminate\\Container\\Util::unwrapIfClosure(Object(Closure))
#20 C:\\dev\\Unifiedtransform\\vendor\\laravel\\framework\\src\\Illuminate\\Container\\BoundMethod.php(35): Illuminate\\Container\\BoundMethod::callBoundMethod(Object(Illuminate\\Foundation\\Application), Array, Object(Closure))
#21 C:\\dev\\Unifiedtransform\\vendor\\laravel\\framework\\src\\Illuminate\\Container\\Container.php(592): Illuminate\\Container\\BoundMethod::call(Object(Illuminate\\Foundation\\Application), Array, Array, NULL)
#22 C:\\dev\\Unifiedtransform\\vendor\\laravel\\framework\\src\\Illuminate\\Database\\Seeder.php(134): Illuminate\\Container\\Container->call(Array)
#23 C:\\dev\\Unifiedtransform\\vendor\\laravel\\framework\\src\\Illuminate\\Database\\Console\\Seeds\\SeedCommand.php(65): Illuminate\\Database\\Seeder->__invoke()
#24 C:\\dev\\Unifiedtransform\\vendor\\laravel\\framework\\src\\Illuminate\\Database\\Eloquent\\Concerns\\GuardsAttributes.php(148): Illuminate\\Database\\Console\\Seeds\\SeedCommand->Illuminate\\Database\\Console\\Seeds\\{closure}()
#25 C:\\dev\\Unifiedtransform\\vendor\\laravel\\framework\\src\\Illuminate\\Database\\Console\\Seeds\\SeedCommand.php(66): Illuminate\\Database\\Eloquent\\Model::unguarded(Object(Closure))
#26 [internal function]: Illuminate\\Database\\Console\\Seeds\\SeedCommand->handle()
#27 C:\\dev\\Unifiedtransform\\vendor\\laravel\\framework\\src\\Illuminate\\Container\\BoundMethod.php(33): call_user_func_array(Array, Array)
#28 C:\\dev\\Unifiedtransform\\vendor\\laravel\\framework\\src\\Illuminate\\Container\\Util.php(36): Illuminate\\Container\\BoundMethod::Illuminate\\Container\\{closure}()
#29 C:\\dev\\Unifiedtransform\\vendor\\laravel\\framework\\src\\Illuminate\\Container\\BoundMethod.php(91): Illuminate\\Container\\Util::unwrapIfClosure(Object(Closure))
#30 C:\\dev\\Unifiedtransform\\vendor\\laravel\\framework\\src\\Illuminate\\Container\\BoundMethod.php(35): Illuminate\\Container\\BoundMethod::callBoundMethod(Object(Illuminate\\Foundation\\Application), Array, Object(Closure))
#31 C:\\dev\\Unifiedtransform\\vendor\\laravel\\framework\\src\\Illuminate\\Container\\Container.php(592): Illuminate\\Container\\BoundMethod::call(Object(Illuminate\\Foundation\\Application), Array, Array, NULL)
#32 C:\\dev\\Unifiedtransform\\vendor\\laravel\\framework\\src\\Illuminate\\Console\\Command.php(134): Illuminate\\Container\\Container->call(Array)
#33 C:\\dev\\Unifiedtransform\\vendor\\symfony\\console\\Command\\Command.php(255): Illuminate\\Console\\Command->execute(Object(Symfony\\Component\\Console\\Input\\ArgvInput), Object(Illuminate\\Console\\OutputStyle))
#34 C:\\dev\\Unifiedtransform\\vendor\\laravel\\framework\\src\\Illuminate\\Console\\Command.php(121): Symfony\\Component\\Console\\Command\\Command->run(Object(Symfony\\Component\\Console\\Input\\ArgvInput), Object(Illuminate\\Console\\OutputStyle))
#35 C:\\dev\\Unifiedtransform\\vendor\\symfony\\console\\Application.php(912): Illuminate\\Console\\Command->run(Object(Symfony\\Component\\Console\\Input\\ArgvInput), Object(Symfony\\Component\\Console\\Output\\ConsoleOutput))
#36 C:\\dev\\Unifiedtransform\\vendor\\symfony\\console\\Application.php(264): Symfony\\Component\\Console\\Application->doRunCommand(Object(Illuminate\\Database\\Console\\Seeds\\SeedCommand), Object(Symfony\\Component\\Console\\Input\\ArgvInput), Object(Symfony\\Component\\Console\\Output\\ConsoleOutput))
#37 C:\\dev\\Unifiedtransform\\vendor\\symfony\\console\\Application.php(140): Symfony\\Component\\Console\\Application->doRun(Object(Symfony\\Component\\Console\\Input\\ArgvInput), Object(Symfony\\Component\\Console\\Output\\ConsoleOutput))
#38 C:\\dev\\Unifiedtransform\\vendor\\laravel\\framework\\src\\Illuminate\\Console\\Application.php(93): Symfony\\Component\\Console\\Application->run(Object(Symfony\\Component\\Console\\Input\\ArgvInput), Object(Symfony\\Component\\Console\\Output\\ConsoleOutput))
#39 C:\\dev\\Unifiedtransform\\vendor\\laravel\\framework\\src\\Illuminate\\Foundation\\Console\\Kernel.php(129): Illuminate\\Console\\Application->run(Object(Symfony\\Component\\Console\\Input\\ArgvInput), Object(Symfony\\Component\\Console\\Output\\ConsoleOutput))
#40 C:\\dev\\Unifiedtransform\\artisan(37): Illuminate\\Foundation\\Console\\Kernel->handle(Object(Symfony\\Component\\Console\\Input\\ArgvInput), Object(Symfony\\Component\\Console\\Output\\ConsoleOutput))
#41 {main}

[previous exception] [object] (PDOException(code: 23000): SQLSTATE[23000]: Integrity constraint violation: 1062 Duplicate entry 'swastikm2000@gmail.com' for key 'users.users_email_unique' at C:\\dev\\Unifiedtransform\\vendor\\doctrine\\dbal\\lib\\Doctrine\\DBAL\\Driver\\PDOStatement.php:127)
[stacktrace]
#0 C:\\dev\\Unifiedtransform\\vendor\\doctrine\\dbal\\lib\\Doctrine\\DBAL\\Driver\\PDOStatement.php(127): PDOStatement->execute(NULL)
#1 C:\\dev\\Unifiedtransform\\vendor\\laravel\\framework\\src\\Illuminate\\Database\\Connection.php(464): Doctrine\\DBAL\\Driver\\PDOStatement->execute()
#2 C:\\dev\\Unifiedtransform\\vendor\\laravel\\framework\\src\\Illuminate\\Database\\Connection.php(664): Illuminate\\Database\\Connection->Illuminate\\Database\\{closure}('insert into `us...', Array)
#3 C:\\dev\\Unifiedtransform\\vendor\\laravel\\framework\\src\\Illuminate\\Database\\Connection.php(631): Illuminate\\Database\\Connection->runQueryCallback('insert into `us...', Array, Object(Closure))
#4 C:\\dev\\Unifiedtransform\\vendor\\laravel\\framework\\src\\Illuminate\\Database\\Connection.php(465): Illuminate\\Database\\Connection->run('insert into `us...', Array, Object(Closure))
#5 C:\\dev\\Unifiedtransform\\vendor\\laravel\\framework\\src\\Illuminate\\Database\\Connection.php(417): Illuminate\\Database\\Connection->statement('insert into `us...', Array)
#6 C:\\dev\\Unifiedtransform\\vendor\\laravel\\framework\\src\\Illuminate\\Database\\Query\\Builder.php(2727): Illuminate\\Database\\Connection->insert('insert into `us...', Array)
#7 C:\\dev\\Unifiedtransform\\database\\seeds\\UsersTableSeeder.php(21): Illuminate\\Database\\Query\\Builder->insert(Array)
#8 [internal function]: UsersTableSeeder->run()
#9 C:\\dev\\Unifiedtransform\\vendor\\laravel\\framework\\src\\Illuminate\\Container\\BoundMethod.php(33): call_user_func_array(Array, Array)
#10 C:\\dev\\Unifiedtransform\\vendor\\laravel\\framework\\src\\Illuminate\\Container\\Util.php(36): Illuminate\\Container\\BoundMethod::Illuminate\\Container\\{closure}()
#11 C:\\dev\\Unifiedtransform\\vendor\\laravel\\framework\\src\\Illuminate\\Container\\BoundMethod.php(91): Illuminate\\Container\\Util::unwrapIfClosure(Object(Closure))
#12 C:\\dev\\Unifiedtransform\\vendor\\laravel\\framework\\src\\Illuminate\\Container\\BoundMethod.php(35): Illuminate\\Container\\BoundMethod::callBoundMethod(Object(Illuminate\\Foundation\\Application), Array, Object(Closure))
#13 C:\\dev\\Unifiedtransform\\vendor\\laravel\\framework\\src\\Illuminate\\Container\\Container.php(592): Illuminate\\Container\\BoundMethod::call(Object(Illuminate\\Foundation\\Application), Array, Array, NULL)
#14 C:\\dev\\Unifiedtransform\\vendor\\laravel\\framework\\src\\Illuminate\\Database\\Seeder.php(134): Illuminate\\Container\\Container->call(Array)
#15 C:\\dev\\Unifiedtransform\\vendor\\laravel\\framework\\src\\Illuminate\\Database\\Seeder.php(48): Illuminate\\Database\\Seeder->__invoke()
#16 C:\\dev\\Unifiedtransform\\database\\seeds\\DatabaseSeeder.php(18): Illuminate\\Database\\Seeder->call('UsersTableSeede...')
#17 [internal function]: DatabaseSeeder->run()
#18 C:\\dev\\Unifiedtransform\\vendor\\laravel\\framework\\src\\Illuminate\\Container\\BoundMethod.php(33): call_user_func_array(Array, Array)
#19 C:\\dev\\Unifiedtransform\\vendor\\laravel\\framework\\src\\Illuminate\\Container\\Util.php(36): Illuminate\\Container\\BoundMethod::Illuminate\\Container\\{closure}()
#20 C:\\dev\\Unifiedtransform\\vendor\\laravel\\framework\\src\\Illuminate\\Container\\BoundMethod.php(91): Illuminate\\Container\\Util::unwrapIfClosure(Object(Closure))
#21 C:\\dev\\Unifiedtransform\\vendor\\laravel\\framework\\src\\Illuminate\\Container\\BoundMethod.php(35): Illuminate\\Container\\BoundMethod::callBoundMethod(Object(Illuminate\\Foundation\\Application), Array, Object(Closure))
#22 C:\\dev\\Unifiedtransform\\vendor\\laravel\\framework\\src\\Illuminate\\Container\\Container.php(592): Illuminate\\Container\\BoundMethod::call(Object(Illuminate\\Foundation\\Application), Array, Array, NULL)
#23 C:\\dev\\Unifiedtransform\\vendor\\laravel\\framework\\src\\Illuminate\\Database\\Seeder.php(134): Illuminate\\Container\\Container->call(Array)
#24 C:\\dev\\Unifiedtransform\\vendor\\laravel\\framework\\src\\Illuminate\\Database\\Console\\Seeds\\SeedCommand.php(65): Illuminate\\Database\\Seeder->__invoke()
#25 C:\\dev\\Unifiedtransform\\vendor\\laravel\\framework\\src\\Illuminate\\Database\\Eloquent\\Concerns\\GuardsAttributes.php(148): Illuminate\\Database\\Console\\Seeds\\SeedCommand->Illuminate\\Database\\Console\\Seeds\\{closure}()
#26 C:\\dev\\Unifiedtransform\\vendor\\laravel\\framework\\src\\Illuminate\\Database\\Console\\Seeds\\SeedCommand.php(66): Illuminate\\Database\\Eloquent\\Model::unguarded(Object(Closure))
#27 [internal function]: Illuminate\\Database\\Console\\Seeds\\SeedCommand->handle()
#28 C:\\dev\\Unifiedtransform\\vendor\\laravel\\framework\\src\\Illuminate\\Container\\BoundMethod.php(33): call_user_func_array(Array, Array)
#29 C:\\dev\\Unifiedtransform\\vendor\\laravel\\framework\\src\\Illuminate\\Container\\Util.php(36): Illuminate\\Container\\BoundMethod::Illuminate\\Container\\{closure}()
#30 C:\\dev\\Unifiedtransform\\vendor\\laravel\\framework\\src\\Illuminate\\Container\\BoundMethod.php(91): Illuminate\\Container\\Util::unwrapIfClosure(Object(Closure))
#31 C:\\dev\\Unifiedtransform\\vendor\\laravel\\framework\\src\\Illuminate\\Container\\BoundMethod.php(35): Illuminate\\Container\\BoundMethod::callBoundMethod(Object(Illuminate\\Foundation\\Application), Array, Object(Closure))
#32 C:\\dev\\Unifiedtransform\\vendor\\laravel\\framework\\src\\Illuminate\\Container\\Container.php(592): Illuminate\\Container\\BoundMethod::call(Object(Illuminate\\Foundation\\Application), Array, Array, NULL)
#33 C:\\dev\\Unifiedtransform\\vendor\\laravel\\framework\\src\\Illuminate\\Console\\Command.php(134): Illuminate\\Container\\Container->call(Array)
#34 C:\\dev\\Unifiedtransform\\vendor\\symfony\\console\\Command\\Command.php(255): Illuminate\\Console\\Command->execute(Object(Symfony\\Component\\Console\\Input\\ArgvInput), Object(Illuminate\\Console\\OutputStyle))
#35 C:\\dev\\Unifiedtransform\\vendor\\laravel\\framework\\src\\Illuminate\\Console\\Command.php(121): Symfony\\Component\\Console\\Command\\Command->run(Object(Symfony\\Component\\Console\\Input\\ArgvInput), Object(Illuminate\\Console\\OutputStyle))
#36 C:\\dev\\Unifiedtransform\\vendor\\symfony\\console\\Application.php(912): Illuminate\\Console\\Command->run(Object(Symfony\\Component\\Console\\Input\\ArgvInput), Object(Symfony\\Component\\Console\\Output\\ConsoleOutput))
#37 C:\\dev\\Unifiedtransform\\vendor\\symfony\\console\\Application.php(264): Symfony\\Component\\Console\\Application->doRunCommand(Object(Illuminate\\Database\\Console\\Seeds\\SeedCommand), Object(Symfony\\Component\\Console\\Input\\ArgvInput), Object(Symfony\\Component\\Console\\Output\\ConsoleOutput))
#38 C:\\dev\\Unifiedtransform\\vendor\\symfony\\console\\Application.php(140): Symfony\\Component\\Console\\Application->doRun(Object(Symfony\\Component\\Console\\Input\\ArgvInput), Object(Symfony\\Component\\Console\\Output\\ConsoleOutput))
#39 C:\\dev\\Unifiedtransform\\vendor\\laravel\\framework\\src\\Illuminate\\Console\\Application.php(93): Symfony\\Component\\Console\\Application->run(Object(Symfony\\Component\\Console\\Input\\ArgvInput), Object(Symfony\\Component\\Console\\Output\\ConsoleOutput))
#40 C:\\dev\\Unifiedtransform\\vendor\\laravel\\framework\\src\\Illuminate\\Foundation\\Console\\Kernel.php(129): Illuminate\\Console\\Application->run(Object(Symfony\\Component\\Console\\Input\\ArgvInput), Object(Symfony\\Component\\Console\\Output\\ConsoleOutput))
#41 C:\\dev\\Unifiedtransform\\artisan(37): Illuminate\\Foundation\\Console\\Kernel->handle(Object(Symfony\\Component\\Console\\Input\\ArgvInput), Object(Symfony\\Component\\Console\\Output\\ConsoleOutput))
#42 {main}
"} 
[2020-05-28 23:03:41] laravel.EMERGENCY: Unable to create configured logger. Using emergency logger. {"exception":"[object] (InvalidArgumentException(code: 0): Log [] is not defined. at C:\\dev\\Unifiedtransform\\vendor\\laravel\\framework\\src\\Illuminate\\Log\\LogManager.php:192)
[stacktrace]
#0 C:\\dev\\Unifiedtransform\\vendor\\laravel\\framework\\src\\Illuminate\\Log\\LogManager.php(118): Illuminate\\Log\\LogManager->resolve(NULL)
#1 C:\\dev\\Unifiedtransform\\vendor\\laravel\\framework\\src\\Illuminate\\Log\\LogManager.php(98): Illuminate\\Log\\LogManager->get(NULL)
#2 C:\\dev\\Unifiedtransform\\vendor\\laravel\\framework\\src\\Illuminate\\Log\\LogManager.php(630): Illuminate\\Log\\LogManager->driver()
#3 C:\\dev\\Unifiedtransform\\vendor\\barryvdh\\laravel-debugbar\\src\\LaravelDebugbar.php(272): Illuminate\\Log\\LogManager->__call('listen', Array)
#4 C:\\dev\\Unifiedtransform\\vendor\\barryvdh\\laravel-debugbar\\src\\Middleware\\InjectDebugbar.php(61): Barryvdh\\Debugbar\\LaravelDebugbar->boot()
#5 C:\\dev\\Unifiedtransform\\vendor\\laravel\\framework\\src\\Illuminate\\Pipeline\\Pipeline.php(167): Barryvdh\\Debugbar\\Middleware\\InjectDebugbar->handle(Object(Illuminate\\Http\\Request), Object(Closure))
#6 C:\\dev\\Unifiedtransform\\vendor\\fideloper\\proxy\\src\\TrustProxies.php(57): Illuminate\\Pipeline\\Pipeline->Illuminate\\Pipeline\\{closure}(Object(Illuminate\\Http\\Request))
#7 C:\\dev\\Unifiedtransform\\vendor\\laravel\\framework\\src\\Illuminate\\Pipeline\\Pipeline.php(167): Fideloper\\Proxy\\TrustProxies->handle(Object(Illuminate\\Http\\Request), Object(Closure))
#8 C:\\dev\\Unifiedtransform\\vendor\\laravel\\framework\\src\\Illuminate\\Foundation\\Http\\Middleware\\TransformsRequest.php(21): Illuminate\\Pipeline\\Pipeline->Illuminate\\Pipeline\\{closure}(Object(Illuminate\\Http\\Request))
#9 C:\\dev\\Unifiedtransform\\vendor\\laravel\\framework\\src\\Illuminate\\Pipeline\\Pipeline.php(167): Illuminate\\Foundation\\Http\\Middleware\\TransformsRequest->handle(Object(Illuminate\\Http\\Request), Object(Closure))
#10 C:\\dev\\Unifiedtransform\\vendor\\laravel\\framework\\src\\Illuminate\\Foundation\\Http\\Middleware\\TransformsRequest.php(21): Illuminate\\Pipeline\\Pipeline->Illuminate\\Pipeline\\{closure}(Object(Illuminate\\Http\\Request))
#11 C:\\dev\\Unifiedtransform\\vendor\\laravel\\framework\\src\\Illuminate\\Pipeline\\Pipeline.php(167): Illuminate\\Foundation\\Http\\Middleware\\TransformsRequest->handle(Object(Illuminate\\Http\\Request), Object(Closure))
#12 C:\\dev\\Unifiedtransform\\vendor\\laravel\\framework\\src\\Illuminate\\Foundation\\Http\\Middleware\\ValidatePostSize.php(27): Illuminate\\Pipeline\\Pipeline->Illuminate\\Pipeline\\{closure}(Object(Illuminate\\Http\\Request))
#13 C:\\dev\\Unifiedtransform\\vendor\\laravel\\framework\\src\\Illuminate\\Pipeline\\Pipeline.php(167): Illuminate\\Foundation\\Http\\Middleware\\ValidatePostSize->handle(Object(Illuminate\\Http\\Request), Object(Closure))
#14 C:\\dev\\Unifiedtransform\\vendor\\laravel\\framework\\src\\Illuminate\\Foundation\\Http\\Middleware\\CheckForMaintenanceMode.php(63): Illuminate\\Pipeline\\Pipeline->Illuminate\\Pipeline\\{closure}(Object(Illuminate\\Http\\Request))
#15 C:\\dev\\Unifiedtransform\\vendor\\laravel\\framework\\src\\Illuminate\\Pipeline\\Pipeline.php(167): Illuminate\\Foundation\\Http\\Middleware\\CheckForMaintenanceMode->handle(Object(Illuminate\\Http\\Request), Object(Closure))
#16 C:\\dev\\Unifiedtransform\\vendor\\laravel\\framework\\src\\Illuminate\\Pipeline\\Pipeline.php(103): Illuminate\\Pipeline\\Pipeline->Illuminate\\Pipeline\\{closure}(Object(Illuminate\\Http\\Request))
#17 C:\\dev\\Unifiedtransform\\vendor\\laravel\\framework\\src\\Illuminate\\Foundation\\Http\\Kernel.php(140): Illuminate\\Pipeline\\Pipeline->then(Object(Closure))
#18 C:\\dev\\Unifiedtransform\\vendor\\laravel\\framework\\src\\Illuminate\\Foundation\\Http\\Kernel.php(109): Illuminate\\Foundation\\Http\\Kernel->sendRequestThroughRouter(Object(Illuminate\\Http\\Request))
#19 C:\\dev\\Unifiedtransform\\public\\index.php(55): Illuminate\\Foundation\\Http\\Kernel->handle(Object(Illuminate\\Http\\Request))
#20 C:\\dev\\Unifiedtransform\\server.php(21): require_once('C:\\\\dev\\\\Unifiedt...')
#21 {main}
"} 
[2020-05-28 23:22:55] laravel.EMERGENCY: Unable to create configured logger. Using emergency logger. {"exception":"[object] (InvalidArgumentException(code: 0): Log [] is not defined. at C:\\dev\\Unifiedtransform\\vendor\\laravel\\framework\\src\\Illuminate\\Log\\LogManager.php:192)
[stacktrace]
#0 C:\\dev\\Unifiedtransform\\vendor\\laravel\\framework\\src\\Illuminate\\Log\\LogManager.php(118): Illuminate\\Log\\LogManager->resolve(NULL)
#1 C:\\dev\\Unifiedtransform\\vendor\\laravel\\framework\\src\\Illuminate\\Log\\LogManager.php(98): Illuminate\\Log\\LogManager->get(NULL)
#2 C:\\dev\\Unifiedtransform\\vendor\\laravel\\framework\\src\\Illuminate\\Log\\LogManager.php(547): Illuminate\\Log\\LogManager->driver()
#3 C:\\dev\\Unifiedtransform\\vendor\\laravel\\framework\\src\\Illuminate\\Foundation\\Exceptions\\Handler.php(122): Illuminate\\Log\\LogManager->error('SQLSTATE[23000]...', Array)
#4 C:\\dev\\Unifiedtransform\\app\\Exceptions\\Handler.php(39): Illuminate\\Foundation\\Exceptions\\Handler->report(Object(Illuminate\\Database\\QueryException))
#5 C:\\dev\\Unifiedtransform\\vendor\
unomaduro\\collision\\src\\Adapters\\Laravel\\ExceptionHandler.php(57): App\\Exceptions\\Handler->report(Object(Illuminate\\Database\\QueryException))
#6 C:\\dev\\Unifiedtransform\\vendor\\laravel\\framework\\src\\Illuminate\\Foundation\\Console\\Kernel.php(366): NunoMaduro\\Collision\\Adapters\\Laravel\\ExceptionHandler->report(Object(Illuminate\\Database\\QueryException))
#7 C:\\dev\\Unifiedtransform\\vendor\\laravel\\framework\\src\\Illuminate\\Foundation\\Console\\Kernel.php(131): Illuminate\\Foundation\\Console\\Kernel->reportException(Object(Illuminate\\Database\\QueryException))
#8 C:\\dev\\Unifiedtransform\\artisan(37): Illuminate\\Foundation\\Console\\Kernel->handle(Object(Symfony\\Component\\Console\\Input\\ArgvInput), Object(Symfony\\Component\\Console\\Output\\ConsoleOutput))
#9 {main}
"} 
[2020-05-28 23:22:55] laravel.ERROR: SQLSTATE[23000]: Integrity constraint violation: 1062 Duplicate entry 'swastikm2000@gmail.com' for key 'users.users_email_unique' (SQL: insert into `users` (`name`, `email`, `password`, `role`, `active`, `verified`) values (swastik, swastikm2000@gmail.com, $2y$10$PLlqZ1yfofgn1t8ubRidIOvoWejoXF4UKCL4mSCCLDpm2PPB1f/da, master, 1, 1)) {"exception":"[object] (Illuminate\\Database\\QueryException(code: 23000): SQLSTATE[23000]: Integrity constraint violation: 1062 Duplicate entry 'swastikm2000@gmail.com' for key 'users.users_email_unique' (SQL: insert into `users` (`name`, `email`, `password`, `role`, `active`, `verified`) values (swastik, swastikm2000@gmail.com, $2y$10$PLlqZ1yfofgn1t8ubRidIOvoWejoXF4UKCL4mSCCLDpm2PPB1f/da, master, 1, 1)) at C:\\dev\\Unifiedtransform\\vendor\\laravel\\framework\\src\\Illuminate\\Database\\Connection.php:671)
[stacktrace]
#0 C:\\dev\\Unifiedtransform\\vendor\\laravel\\framework\\src\\Illuminate\\Database\\Connection.php(631): Illuminate\\Database\\Connection->runQueryCallback('insert into `us...', Array, Object(Closure))
#1 C:\\dev\\Unifiedtransform\\vendor\\laravel\\framework\\src\\Illuminate\\Database\\Connection.php(465): Illuminate\\Database\\Connection->run('insert into `us...', Array, Object(Closure))
#2 C:\\dev\\Unifiedtransform\\vendor\\laravel\\framework\\src\\Illuminate\\Database\\Connection.php(417): Illuminate\\Database\\Connection->statement('insert into `us...', Array)
#3 C:\\dev\\Unifiedtransform\\vendor\\laravel\\framework\\src\\Illuminate\\Database\\Query\\Builder.php(2727): Illuminate\\Database\\Connection->insert('insert into `us...', Array)
#4 C:\\dev\\Unifiedtransform\\database\\seeds\\UsersTableSeeder.php(21): Illuminate\\Database\\Query\\Builder->insert(Array)
#5 [internal function]: UsersTableSeeder->run()
#6 C:\\dev\\Unifiedtransform\\vendor\\laravel\\framework\\src\\Illuminate\\Container\\BoundMethod.php(33): call_user_func_array(Array, Array)
#7 C:\\dev\\Unifiedtransform\\vendor\\laravel\\framework\\src\\Illuminate\\Container\\Util.php(36): Illuminate\\Container\\BoundMethod::Illuminate\\Container\\{closure}()
#8 C:\\dev\\Unifiedtransform\\vendor\\laravel\\framework\\src\\Illuminate\\Container\\BoundMethod.php(91): Illuminate\\Container\\Util::unwrapIfClosure(Object(Closure))
#9 C:\\dev\\Unifiedtransform\\vendor\\laravel\\framework\\src\\Illuminate\\Container\\BoundMethod.php(35): Illuminate\\Container\\BoundMethod::callBoundMethod(Object(Illuminate\\Foundation\\Application), Array, Object(Closure))
#10 C:\\dev\\Unifiedtransform\\vendor\\laravel\\framework\\src\\Illuminate\\Container\\Container.php(592): Illuminate\\Container\\BoundMethod::call(Object(Illuminate\\Foundation\\Application), Array, Array, NULL)
#11 C:\\dev\\Unifiedtransform\\vendor\\laravel\\framework\\src\\Illuminate\\Database\\Seeder.php(134): Illuminate\\Container\\Container->call(Array)
#12 C:\\dev\\Unifiedtransform\\vendor\\laravel\\framework\\src\\Illuminate\\Database\\Seeder.php(48): Illuminate\\Database\\Seeder->__invoke()
#13 C:\\dev\\Unifiedtransform\\database\\seeds\\DatabaseSeeder.php(18): Illuminate\\Database\\Seeder->call('UsersTableSeede...')
#14 [internal function]: DatabaseSeeder->run()
#15 C:\\dev\\Unifiedtransform\\vendor\\laravel\\framework\\src\\Illuminate\\Container\\BoundMethod.php(33): call_user_func_array(Array, Array)
#16 C:\\dev\\Unifiedtransform\\vendor\\laravel\\framework\\src\\Illuminate\\Container\\Util.php(36): Illuminate\\Container\\BoundMethod::Illuminate\\Container\\{closure}()
#17 C:\\dev\\Unifiedtransform\\vendor\\laravel\\framework\\src\\Illuminate\\Container\\BoundMethod.php(91): Illuminate\\Container\\Util::unwrapIfClosure(Object(Closure))
#18 C:\\dev\\Unifiedtransform\\vendor\\laravel\\framework\\src\\Illuminate\\Container\\BoundMethod.php(35): Illuminate\\Container\\BoundMethod::callBoundMethod(Object(Illuminate\\Foundation\\Application), Array, Object(Closure))
#19 C:\\dev\\Unifiedtransform\\vendor\\laravel\\framework\\src\\Illuminate\\Container\\Container.php(592): Illuminate\\Container\\BoundMethod::call(Object(Illuminate\\Foundation\\Application), Array, Array, NULL)
#20 C:\\dev\\Unifiedtransform\\vendor\\laravel\\framework\\src\\Illuminate\\Database\\Seeder.php(134): Illuminate\\Container\\Container->call(Array)
#21 C:\\dev\\Unifiedtransform\\vendor\\laravel\\framework\\src\\Illuminate\\Database\\Console\\Seeds\\SeedCommand.php(65): Illuminate\\Database\\Seeder->__invoke()
#22 C:\\dev\\Unifiedtransform\\vendor\\laravel\\framework\\src\\Illuminate\\Database\\Eloquent\\Concerns\\GuardsAttributes.php(148): Illuminate\\Database\\Console\\Seeds\\SeedCommand->Illuminate\\Database\\Console\\Seeds\\{closure}()
#23 C:\\dev\\Unifiedtransform\\vendor\\laravel\\framework\\src\\Illuminate\\Database\\Console\\Seeds\\SeedCommand.php(66): Illuminate\\Database\\Eloquent\\Model::unguarded(Object(Closure))
#24 [internal function]: Illuminate\\Database\\Console\\Seeds\\SeedCommand->handle()
#25 C:\\dev\\Unifiedtransform\\vendor\\laravel\\framework\\src\\Illuminate\\Container\\BoundMethod.php(33): call_user_func_array(Array, Array)
#26 C:\\dev\\Unifiedtransform\\vendor\\laravel\\framework\\src\\Illuminate\\Container\\Util.php(36): Illuminate\\Container\\BoundMethod::Illuminate\\Container\\{closure}()
#27 C:\\dev\\Unifiedtransform\\vendor\\laravel\\framework\\src\\Illuminate\\Container\\BoundMethod.php(91): Illuminate\\Container\\Util::unwrapIfClosure(Object(Closure))
#28 C:\\dev\\Unifiedtransform\\vendor\\laravel\\framework\\src\\Illuminate\\Container\\BoundMethod.php(35): Illuminate\\Container\\BoundMethod::callBoundMethod(Object(Illuminate\\Foundation\\Application), Array, Object(Closure))
#29 C:\\dev\\Unifiedtransform\\vendor\\laravel\\framework\\src\\Illuminate\\Container\\Container.php(592): Illuminate\\Container\\BoundMethod::call(Object(Illuminate\\Foundation\\Application), Array, Array, NULL)
#30 C:\\dev\\Unifiedtransform\\vendor\\laravel\\framework\\src\\Illuminate\\Console\\Command.php(134): Illuminate\\Container\\Container->call(Array)
#31 C:\\dev\\Unifiedtransform\\vendor\\symfony\\console\\Command\\Command.php(255): Illuminate\\Console\\Command->execute(Object(Symfony\\Component\\Console\\Input\\ArgvInput), Object(Illuminate\\Console\\OutputStyle))
#32 C:\\dev\\Unifiedtransform\\vendor\\laravel\\framework\\src\\Illuminate\\Console\\Command.php(121): Symfony\\Component\\Console\\Command\\Command->run(Object(Symfony\\Component\\Console\\Input\\ArgvInput), Object(Illuminate\\Console\\OutputStyle))
#33 C:\\dev\\Unifiedtransform\\vendor\\symfony\\console\\Application.php(912): Illuminate\\Console\\Command->run(Object(Symfony\\Component\\Console\\Input\\ArgvInput), Object(Symfony\\Component\\Console\\Output\\ConsoleOutput))
#34 C:\\dev\\Unifiedtransform\\vendor\\symfony\\console\\Application.php(264): Symfony\\Component\\Console\\Application->doRunCommand(Object(Illuminate\\Database\\Console\\Seeds\\SeedCommand), Object(Symfony\\Component\\Console\\Input\\ArgvInput), Object(Symfony\\Component\\Console\\Output\\ConsoleOutput))
#35 C:\\dev\\Unifiedtransform\\vendor\\symfony\\console\\Application.php(140): Symfony\\Component\\Console\\Application->doRun(Object(Symfony\\Component\\Console\\Input\\ArgvInput), Object(Symfony\\Component\\Console\\Output\\ConsoleOutput))
#36 C:\\dev\\Unifiedtransform\\vendor\\laravel\\framework\\src\\Illuminate\\Console\\Application.php(93): Symfony\\Component\\Console\\Application->run(Object(Symfony\\Component\\Console\\Input\\ArgvInput), Object(Symfony\\Component\\Console\\Output\\ConsoleOutput))
#37 C:\\dev\\Unifiedtransform\\vendor\\laravel\\framework\\src\\Illuminate\\Foundation\\Console\\Kernel.php(129): Illuminate\\Console\\Application->run(Object(Symfony\\Component\\Console\\Input\\ArgvInput), Object(Symfony\\Component\\Console\\Output\\ConsoleOutput))
#38 C:\\dev\\Unifiedtransform\\artisan(37): Illuminate\\Foundation\\Console\\Kernel->handle(Object(Symfony\\Component\\Console\\Input\\ArgvInput), Object(Symfony\\Component\\Console\\Output\\ConsoleOutput))
#39 {main}

[previous exception] [object] (Doctrine\\DBAL\\Driver\\PDOException(code: 23000): SQLSTATE[23000]: Integrity constraint violation: 1062 Duplicate entry 'swastikm2000@gmail.com' for key 'users.users_email_unique' at C:\\dev\\Unifiedtransform\\vendor\\doctrine\\dbal\\lib\\Doctrine\\DBAL\\Driver\\PDOStatement.php:129)
[stacktrace]
#0 C:\\dev\\Unifiedtransform\\vendor\\laravel\\framework\\src\\Illuminate\\Database\\Connection.php(464): Doctrine\\DBAL\\Driver\\PDOStatement->execute()
#1 C:\\dev\\Unifiedtransform\\vendor\\laravel\\framework\\src\\Illuminate\\Database\\Connection.php(664): Illuminate\\Database\\Connection->Illuminate\\Database\\{closure}('insert into `us...', Array)
#2 C:\\dev\\Unifiedtransform\\vendor\\laravel\\framework\\src\\Illuminate\\Database\\Connection.php(631): Illuminate\\Database\\Connection->runQueryCallback('insert into `us...', Array, Object(Closure))
#3 C:\\dev\\Unifiedtransform\\vendor\\laravel\\framework\\src\\Illuminate\\Database\\Connection.php(465): Illuminate\\Database\\Connection->run('insert into `us...', Array, Object(Closure))
#4 C:\\dev\\Unifiedtransform\\vendor\\laravel\\framework\\src\\Illuminate\\Database\\Connection.php(417): Illuminate\\Database\\Connection->statement('insert into `us...', Array)
#5 C:\\dev\\Unifiedtransform\\vendor\\laravel\\framework\\src\\Illuminate\\Database\\Query\\Builder.php(2727): Illuminate\\Database\\Connection->insert('insert into `us...', Array)
#6 C:\\dev\\Unifiedtransform\\database\\seeds\\UsersTableSeeder.php(21): Illuminate\\Database\\Query\\Builder->insert(Array)
#7 [internal function]: UsersTableSeeder->run()
#8 C:\\dev\\Unifiedtransform\\vendor\\laravel\\framework\\src\\Illuminate\\Container\\BoundMethod.php(33): call_user_func_array(Array, Array)
#9 C:\\dev\\Unifiedtransform\\vendor\\laravel\\framework\\src\\Illuminate\\Container\\Util.php(36): Illuminate\\Container\\BoundMethod::Illuminate\\Container\\{closure}()
#10 C:\\dev\\Unifiedtransform\\vendor\\laravel\\framework\\src\\Illuminate\\Container\\BoundMethod.php(91): Illuminate\\Container\\Util::unwrapIfClosure(Object(Closure))
#11 C:\\dev\\Unifiedtransform\\vendor\\laravel\\framework\\src\\Illuminate\\Container\\BoundMethod.php(35): Illuminate\\Container\\BoundMethod::callBoundMethod(Object(Illuminate\\Foundation\\Application), Array, Object(Closure))
#12 C:\\dev\\Unifiedtransform\\vendor\\laravel\\framework\\src\\Illuminate\\Container\\Container.php(592): Illuminate\\Container\\BoundMethod::call(Object(Illuminate\\Foundation\\Application), Array, Array, NULL)
#13 C:\\dev\\Unifiedtransform\\vendor\\laravel\\framework\\src\\Illuminate\\Database\\Seeder.php(134): Illuminate\\Container\\Container->call(Array)
#14 C:\\dev\\Unifiedtransform\\vendor\\laravel\\framework\\src\\Illuminate\\Database\\Seeder.php(48): Illuminate\\Database\\Seeder->__invoke()
#15 C:\\dev\\Unifiedtransform\\database\\seeds\\DatabaseSeeder.php(18): Illuminate\\Database\\Seeder->call('UsersTableSeede...')
#16 [internal function]: DatabaseSeeder->run()
#17 C:\\dev\\Unifiedtransform\\vendor\\laravel\\framework\\src\\Illuminate\\Container\\BoundMethod.php(33): call_user_func_array(Array, Array)
#18 C:\\dev\\Unifiedtransform\\vendor\\laravel\\framework\\src\\Illuminate\\Container\\Util.php(36): Illuminate\\Container\\BoundMethod::Illuminate\\Container\\{closure}()
#19 C:\\dev\\Unifiedtransform\\vendor\\laravel\\framework\\src\\Illuminate\\Container\\BoundMethod.php(91): Illuminate\\Container\\Util::unwrapIfClosure(Object(Closure))
#20 C:\\dev\\Unifiedtransform\\vendor\\laravel\\framework\\src\\Illuminate\\Container\\BoundMethod.php(35): Illuminate\\Container\\BoundMethod::callBoundMethod(Object(Illuminate\\Foundation\\Application), Array, Object(Closure))
#21 C:\\dev\\Unifiedtransform\\vendor\\laravel\\framework\\src\\Illuminate\\Container\\Container.php(592): Illuminate\\Container\\BoundMethod::call(Object(Illuminate\\Foundation\\Application), Array, Array, NULL)
#22 C:\\dev\\Unifiedtransform\\vendor\\laravel\\framework\\src\\Illuminate\\Database\\Seeder.php(134): Illuminate\\Container\\Container->call(Array)
#23 C:\\dev\\Unifiedtransform\\vendor\\laravel\\framework\\src\\Illuminate\\Database\\Console\\Seeds\\SeedCommand.php(65): Illuminate\\Database\\Seeder->__invoke()
#24 C:\\dev\\Unifiedtransform\\vendor\\laravel\\framework\\src\\Illuminate\\Database\\Eloquent\\Concerns\\GuardsAttributes.php(148): Illuminate\\Database\\Console\\Seeds\\SeedCommand->Illuminate\\Database\\Console\\Seeds\\{closure}()
#25 C:\\dev\\Unifiedtransform\\vendor\\laravel\\framework\\src\\Illuminate\\Database\\Console\\Seeds\\SeedCommand.php(66): Illuminate\\Database\\Eloquent\\Model::unguarded(Object(Closure))
#26 [internal function]: Illuminate\\Database\\Console\\Seeds\\SeedCommand->handle()
#27 C:\\dev\\Unifiedtransform\\vendor\\laravel\\framework\\src\\Illuminate\\Container\\BoundMethod.php(33): call_user_func_array(Array, Array)
#28 C:\\dev\\Unifiedtransform\\vendor\\laravel\\framework\\src\\Illuminate\\Container\\Util.php(36): Illuminate\\Container\\BoundMethod::Illuminate\\Container\\{closure}()
#29 C:\\dev\\Unifiedtransform\\vendor\\laravel\\framework\\src\\Illuminate\\Container\\BoundMethod.php(91): Illuminate\\Container\\Util::unwrapIfClosure(Object(Closure))
#30 C:\\dev\\Unifiedtransform\\vendor\\laravel\\framework\\src\\Illuminate\\Container\\BoundMethod.php(35): Illuminate\\Container\\BoundMethod::callBoundMethod(Object(Illuminate\\Foundation\\Application), Array, Object(Closure))
#31 C:\\dev\\Unifiedtransform\\vendor\\laravel\\framework\\src\\Illuminate\\Container\\Container.php(592): Illuminate\\Container\\BoundMethod::call(Object(Illuminate\\Foundation\\Application), Array, Array, NULL)
#32 C:\\dev\\Unifiedtransform\\vendor\\laravel\\framework\\src\\Illuminate\\Console\\Command.php(134): Illuminate\\Container\\Container->call(Array)
#33 C:\\dev\\Unifiedtransform\\vendor\\symfony\\console\\Command\\Command.php(255): Illuminate\\Console\\Command->execute(Object(Symfony\\Component\\Console\\Input\\ArgvInput), Object(Illuminate\\Console\\OutputStyle))
#34 C:\\dev\\Unifiedtransform\\vendor\\laravel\\framework\\src\\Illuminate\\Console\\Command.php(121): Symfony\\Component\\Console\\Command\\Command->run(Object(Symfony\\Component\\Console\\Input\\ArgvInput), Object(Illuminate\\Console\\OutputStyle))
#35 C:\\dev\\Unifiedtransform\\vendor\\symfony\\console\\Application.php(912): Illuminate\\Console\\Command->run(Object(Symfony\\Component\\Console\\Input\\ArgvInput), Object(Symfony\\Component\\Console\\Output\\ConsoleOutput))
#36 C:\\dev\\Unifiedtransform\\vendor\\symfony\\console\\Application.php(264): Symfony\\Component\\Console\\Application->doRunCommand(Object(Illuminate\\Database\\Console\\Seeds\\SeedCommand), Object(Symfony\\Component\\Console\\Input\\ArgvInput), Object(Symfony\\Component\\Console\\Output\\ConsoleOutput))
#37 C:\\dev\\Unifiedtransform\\vendor\\symfony\\console\\Application.php(140): Symfony\\Component\\Console\\Application->doRun(Object(Symfony\\Component\\Console\\Input\\ArgvInput), Object(Symfony\\Component\\Console\\Output\\ConsoleOutput))
#38 C:\\dev\\Unifiedtransform\\vendor\\laravel\\framework\\src\\Illuminate\\Console\\Application.php(93): Symfony\\Component\\Console\\Application->run(Object(Symfony\\Component\\Console\\Input\\ArgvInput), Object(Symfony\\Component\\Console\\Output\\ConsoleOutput))
#39 C:\\dev\\Unifiedtransform\\vendor\\laravel\\framework\\src\\Illuminate\\Foundation\\Console\\Kernel.php(129): Illuminate\\Console\\Application->run(Object(Symfony\\Component\\Console\\Input\\ArgvInput), Object(Symfony\\Component\\Console\\Output\\ConsoleOutput))
#40 C:\\dev\\Unifiedtransform\\artisan(37): Illuminate\\Foundation\\Console\\Kernel->handle(Object(Symfony\\Component\\Console\\Input\\ArgvInput), Object(Symfony\\Component\\Console\\Output\\ConsoleOutput))
#41 {main}

[previous exception] [object] (PDOException(code: 23000): SQLSTATE[23000]: Integrity constraint violation: 1062 Duplicate entry 'swastikm2000@gmail.com' for key 'users.users_email_unique' at C:\\dev\\Unifiedtransform\\vendor\\doctrine\\dbal\\lib\\Doctrine\\DBAL\\Driver\\PDOStatement.php:127)
[stacktrace]
#0 C:\\dev\\Unifiedtransform\\vendor\\doctrine\\dbal\\lib\\Doctrine\\DBAL\\Driver\\PDOStatement.php(127): PDOStatement->execute(NULL)
#1 C:\\dev\\Unifiedtransform\\vendor\\laravel\\framework\\src\\Illuminate\\Database\\Connection.php(464): Doctrine\\DBAL\\Driver\\PDOStatement->execute()
#2 C:\\dev\\Unifiedtransform\\vendor\\laravel\\framework\\src\\Illuminate\\Database\\Connection.php(664): Illuminate\\Database\\Connection->Illuminate\\Database\\{closure}('insert into `us...', Array)
#3 C:\\dev\\Unifiedtransform\\vendor\\laravel\\framework\\src\\Illuminate\\Database\\Connection.php(631): Illuminate\\Database\\Connection->runQueryCallback('insert into `us...', Array, Object(Closure))
#4 C:\\dev\\Unifiedtransform\\vendor\\laravel\\framework\\src\\Illuminate\\Database\\Connection.php(465): Illuminate\\Database\\Connection->run('insert into `us...', Array, Object(Closure))
#5 C:\\dev\\Unifiedtransform\\vendor\\laravel\\framework\\src\\Illuminate\\Database\\Connection.php(417): Illuminate\\Database\\Connection->statement('insert into `us...', Array)
#6 C:\\dev\\Unifiedtransform\\vendor\\laravel\\framework\\src\\Illuminate\\Database\\Query\\Builder.php(2727): Illuminate\\Database\\Connection->insert('insert into `us...', Array)
#7 C:\\dev\\Unifiedtransform\\database\\seeds\\UsersTableSeeder.php(21): Illuminate\\Database\\Query\\Builder->insert(Array)
#8 [internal function]: UsersTableSeeder->run()
#9 C:\\dev\\Unifiedtransform\\vendor\\laravel\\framework\\src\\Illuminate\\Container\\BoundMethod.php(33): call_user_func_array(Array, Array)
#10 C:\\dev\\Unifiedtransform\\vendor\\laravel\\framework\\src\\Illuminate\\Container\\Util.php(36): Illuminate\\Container\\BoundMethod::Illuminate\\Container\\{closure}()
#11 C:\\dev\\Unifiedtransform\\vendor\\laravel\\framework\\src\\Illuminate\\Container\\BoundMethod.php(91): Illuminate\\Container\\Util::unwrapIfClosure(Object(Closure))
#12 C:\\dev\\Unifiedtransform\\vendor\\laravel\\framework\\src\\Illuminate\\Container\\BoundMethod.php(35): Illuminate\\Container\\BoundMethod::callBoundMethod(Object(Illuminate\\Foundation\\Application), Array, Object(Closure))
#13 C:\\dev\\Unifiedtransform\\vendor\\laravel\\framework\\src\\Illuminate\\Container\\Container.php(592): Illuminate\\Container\\BoundMethod::call(Object(Illuminate\\Foundation\\Application), Array, Array, NULL)
#14 C:\\dev\\Unifiedtransform\\vendor\\laravel\\framework\\src\\Illuminate\\Database\\Seeder.php(134): Illuminate\\Container\\Container->call(Array)
#15 C:\\dev\\Unifiedtransform\\vendor\\laravel\\framework\\src\\Illuminate\\Database\\Seeder.php(48): Illuminate\\Database\\Seeder->__invoke()
#16 C:\\dev\\Unifiedtransform\\database\\seeds\\DatabaseSeeder.php(18): Illuminate\\Database\\Seeder->call('UsersTableSeede...')
#17 [internal function]: DatabaseSeeder->run()
#18 C:\\dev\\Unifiedtransform\\vendor\\laravel\\framework\\src\\Illuminate\\Container\\BoundMethod.php(33): call_user_func_array(Array, Array)
#19 C:\\dev\\Unifiedtransform\\vendor\\laravel\\framework\\src\\Illuminate\\Container\\Util.php(36): Illuminate\\Container\\BoundMethod::Illuminate\\Container\\{closure}()
#20 C:\\dev\\Unifiedtransform\\vendor\\laravel\\framework\\src\\Illuminate\\Container\\BoundMethod.php(91): Illuminate\\Container\\Util::unwrapIfClosure(Object(Closure))
#21 C:\\dev\\Unifiedtransform\\vendor\\laravel\\framework\\src\\Illuminate\\Container\\BoundMethod.php(35): Illuminate\\Container\\BoundMethod::callBoundMethod(Object(Illuminate\\Foundation\\Application), Array, Object(Closure))
#22 C:\\dev\\Unifiedtransform\\vendor\\laravel\\framework\\src\\Illuminate\\Container\\Container.php(592): Illuminate\\Container\\BoundMethod::call(Object(Illuminate\\Foundation\\Application), Array, Array, NULL)
#23 C:\\dev\\Unifiedtransform\\vendor\\laravel\\framework\\src\\Illuminate\\Database\\Seeder.php(134): Illuminate\\Container\\Container->call(Array)
#24 C:\\dev\\Unifiedtransform\\vendor\\laravel\\framework\\src\\Illuminate\\Database\\Console\\Seeds\\SeedCommand.php(65): Illuminate\\Database\\Seeder->__invoke()
#25 C:\\dev\\Unifiedtransform\\vendor\\laravel\\framework\\src\\Illuminate\\Database\\Eloquent\\Concerns\\GuardsAttributes.php(148): Illuminate\\Database\\Console\\Seeds\\SeedCommand->Illuminate\\Database\\Console\\Seeds\\{closure}()
#26 C:\\dev\\Unifiedtransform\\vendor\\laravel\\framework\\src\\Illuminate\\Database\\Console\\Seeds\\SeedCommand.php(66): Illuminate\\Database\\Eloquent\\Model::unguarded(Object(Closure))
#27 [internal function]: Illuminate\\Database\\Console\\Seeds\\SeedCommand->handle()
#28 C:\\dev\\Unifiedtransform\\vendor\\laravel\\framework\\src\\Illuminate\\Container\\BoundMethod.php(33): call_user_func_array(Array, Array)
#29 C:\\dev\\Unifiedtransform\\vendor\\laravel\\framework\\src\\Illuminate\\Container\\Util.php(36): Illuminate\\Container\\BoundMethod::Illuminate\\Container\\{closure}()
#30 C:\\dev\\Unifiedtransform\\vendor\\laravel\\framework\\src\\Illuminate\\Container\\BoundMethod.php(91): Illuminate\\Container\\Util::unwrapIfClosure(Object(Closure))
#31 C:\\dev\\Unifiedtransform\\vendor\\laravel\\framework\\src\\Illuminate\\Container\\BoundMethod.php(35): Illuminate\\Container\\BoundMethod::callBoundMethod(Object(Illuminate\\Foundation\\Application), Array, Object(Closure))
#32 C:\\dev\\Unifiedtransform\\vendor\\laravel\\framework\\src\\Illuminate\\Container\\Container.php(592): Illuminate\\Container\\BoundMethod::call(Object(Illuminate\\Foundation\\Application), Array, Array, NULL)
#33 C:\\dev\\Unifiedtransform\\vendor\\laravel\\framework\\src\\Illuminate\\Console\\Command.php(134): Illuminate\\Container\\Container->call(Array)
#34 C:\\dev\\Unifiedtransform\\vendor\\symfony\\console\\Command\\Command.php(255): Illuminate\\Console\\Command->execute(Object(Symfony\\Component\\Console\\Input\\ArgvInput), Object(Illuminate\\Console\\OutputStyle))
#35 C:\\dev\\Unifiedtransform\\vendor\\laravel\\framework\\src\\Illuminate\\Console\\Command.php(121): Symfony\\Component\\Console\\Command\\Command->run(Object(Symfony\\Component\\Console\\Input\\ArgvInput), Object(Illuminate\\Console\\OutputStyle))
#36 C:\\dev\\Unifiedtransform\\vendor\\symfony\\console\\Application.php(912): Illuminate\\Console\\Command->run(Object(Symfony\\Component\\Console\\Input\\ArgvInput), Object(Symfony\\Component\\Console\\Output\\ConsoleOutput))
#37 C:\\dev\\Unifiedtransform\\vendor\\symfony\\console\\Application.php(264): Symfony\\Component\\Console\\Application->doRunCommand(Object(Illuminate\\Database\\Console\\Seeds\\SeedCommand), Object(Symfony\\Component\\Console\\Input\\ArgvInput), Object(Symfony\\Component\\Console\\Output\\ConsoleOutput))
#38 C:\\dev\\Unifiedtransform\\vendor\\symfony\\console\\Application.php(140): Symfony\\Component\\Console\\Application->doRun(Object(Symfony\\Component\\Console\\Input\\ArgvInput), Object(Symfony\\Component\\Console\\Output\\ConsoleOutput))
#39 C:\\dev\\Unifiedtransform\\vendor\\laravel\\framework\\src\\Illuminate\\Console\\Application.php(93): Symfony\\Component\\Console\\Application->run(Object(Symfony\\Component\\Console\\Input\\ArgvInput), Object(Symfony\\Component\\Console\\Output\\ConsoleOutput))
#40 C:\\dev\\Unifiedtransform\\vendor\\laravel\\framework\\src\\Illuminate\\Foundation\\Console\\Kernel.php(129): Illuminate\\Console\\Application->run(Object(Symfony\\Component\\Console\\Input\\ArgvInput), Object(Symfony\\Component\\Console\\Output\\ConsoleOutput))
#41 C:\\dev\\Unifiedtransform\\artisan(37): Illuminate\\Foundation\\Console\\Kernel->handle(Object(Symfony\\Component\\Console\\Input\\ArgvInput), Object(Symfony\\Component\\Console\\Output\\ConsoleOutput))
#42 {main}
"} 
[2020-05-28 23:30:57] laravel.EMERGENCY: Unable to create configured logger. Using emergency logger. {"exception":"[object] (InvalidArgumentException(code: 0): Log [] is not defined. at C:\\dev\\Unifiedtransform\\vendor\\laravel\\framework\\src\\Illuminate\\Log\\LogManager.php:192)
[stacktrace]
#0 C:\\dev\\Unifiedtransform\\vendor\\laravel\\framework\\src\\Illuminate\\Log\\LogManager.php(118): Illuminate\\Log\\LogManager->resolve(NULL)
#1 C:\\dev\\Unifiedtransform\\vendor\\laravel\\framework\\src\\Illuminate\\Log\\LogManager.php(98): Illuminate\\Log\\LogManager->get(NULL)
#2 C:\\dev\\Unifiedtransform\\vendor\\laravel\\framework\\src\\Illuminate\\Log\\LogManager.php(591): Illuminate\\Log\\LogManager->driver()
#3 C:\\dev\\Unifiedtransform\\vendor\\laravel\\framework\\src\\Illuminate\\Support\\Facades\\Facade.php(261): Illuminate\\Log\\LogManager->info('Email failed to...')
#4 C:\\dev\\Unifiedtransform\\app\\Http\\Controllers\\UserController.php(223): Illuminate\\Support\\Facades\\Facade::__callStatic('info', Array)
#5 [internal function]: App\\Http\\Controllers\\UserController->storeAdmin(Object(App\\Http\\Requests\\User\\CreateAdminRequest))
#6 C:\\dev\\Unifiedtransform\\vendor\\laravel\\framework\\src\\Illuminate\\Routing\\Controller.php(54): call_user_func_array(Array, Array)
#7 C:\\dev\\Unifiedtransform\\vendor\\laravel\\framework\\src\\Illuminate\\Routing\\ControllerDispatcher.php(45): Illuminate\\Routing\\Controller->callAction('storeAdmin', Array)
#8 C:\\dev\\Unifiedtransform\\vendor\\laravel\\framework\\src\\Illuminate\\Routing\\Route.php(239): Illuminate\\Routing\\ControllerDispatcher->dispatch(Object(Illuminate\\Routing\\Route), Object(App\\Http\\Controllers\\UserController), 'storeAdmin')
#9 C:\\dev\\Unifiedtransform\\vendor\\laravel\\framework\\src\\Illuminate\\Routing\\Route.php(196): Illuminate\\Routing\\Route->runController()
#10 C:\\dev\\Unifiedtransform\\vendor\\laravel\\framework\\src\\Illuminate\\Routing\\Router.php(685): Illuminate\\Routing\\Route->run()
#11 C:\\dev\\Unifiedtransform\\vendor\\laravel\\framework\\src\\Illuminate\\Pipeline\\Pipeline.php(128): Illuminate\\Routing\\Router->Illuminate\\Routing\\{closure}(Object(Illuminate\\Http\\Request))
#12 C:\\dev\\Unifiedtransform\\app\\Http\\Middleware\\CheckMaster.php(19): Illuminate\\Pipeline\\Pipeline->Illuminate\\Pipeline\\{closure}(Object(Illuminate\\Http\\Request))
#13 C:\\dev\\Unifiedtransform\\vendor\\laravel\\framework\\src\\Illuminate\\Pipeline\\Pipeline.php(167): App\\Http\\Middleware\\CheckMaster->handle(Object(Illuminate\\Http\\Request), Object(Closure))
#14 C:\\dev\\Unifiedtransform\\vendor\\laravel\\framework\\src\\Illuminate\\Routing\\Middleware\\SubstituteBindings.php(41): Illuminate\\Pipeline\\Pipeline->Illuminate\\Pipeline\\{closure}(Object(Illuminate\\Http\\Request))
#15 C:\\dev\\Unifiedtransform\\vendor\\laravel\\framework\\src\\Illuminate\\Pipeline\\Pipeline.php(167): Illuminate\\Routing\\Middleware\\SubstituteBindings->handle(Object(Illuminate\\Http\\Request), Object(Closure))
#16 C:\\dev\\Unifiedtransform\\vendor\\laravel\\framework\\src\\Illuminate\\Auth\\Middleware\\Authenticate.php(44): Illuminate\\Pipeline\\Pipeline->Illuminate\\Pipeline\\{closure}(Object(Illuminate\\Http\\Request))
#17 C:\\dev\\Unifiedtransform\\vendor\\laravel\\framework\\src\\Illuminate\\Pipeline\\Pipeline.php(167): Illuminate\\Auth\\Middleware\\Authenticate->handle(Object(Illuminate\\Http\\Request), Object(Closure))
#18 C:\\dev\\Unifiedtransform\\vendor\\laravel\\framework\\src\\Illuminate\\Foundation\\Http\\Middleware\\VerifyCsrfToken.php(76): Illuminate\\Pipeline\\Pipeline->Illuminate\\Pipeline\\{closure}(Object(Illuminate\\Http\\Request))
#19 C:\\dev\\Unifiedtransform\\vendor\\laravel\\framework\\src\\Illuminate\\Pipeline\\Pipeline.php(167): Illuminate\\Foundation\\Http\\Middleware\\VerifyCsrfToken->handle(Object(Illuminate\\Http\\Request), Object(Closure))
#20 C:\\dev\\Unifiedtransform\\vendor\\laravel\\framework\\src\\Illuminate\\View\\Middleware\\ShareErrorsFromSession.php(49): Illuminate\\Pipeline\\Pipeline->Illuminate\\Pipeline\\{closure}(Object(Illuminate\\Http\\Request))
#21 C:\\dev\\Unifiedtransform\\vendor\\laravel\\framework\\src\\Illuminate\\Pipeline\\Pipeline.php(167): Illuminate\\View\\Middleware\\ShareErrorsFromSession->handle(Object(Illuminate\\Http\\Request), Object(Closure))
#22 C:\\dev\\Unifiedtransform\\vendor\\laravel\\framework\\src\\Illuminate\\Session\\Middleware\\StartSession.php(116): Illuminate\\Pipeline\\Pipeline->Illuminate\\Pipeline\\{closure}(Object(Illuminate\\Http\\Request))
#23 C:\\dev\\Unifiedtransform\\vendor\\laravel\\framework\\src\\Illuminate\\Session\\Middleware\\StartSession.php(62): Illuminate\\Session\\Middleware\\StartSession->handleStatefulRequest(Object(Illuminate\\Http\\Request), Object(Illuminate\\Session\\Store), Object(Closure))
#24 C:\\dev\\Unifiedtransform\\vendor\\laravel\\framework\\src\\Illuminate\\Pipeline\\Pipeline.php(167): Illuminate\\Session\\Middleware\\StartSession->handle(Object(Illuminate\\Http\\Request), Object(Closure))
#25 C:\\dev\\Unifiedtransform\\vendor\\laravel\\framework\\src\\Illuminate\\Cookie\\Middleware\\AddQueuedCookiesToResponse.php(37): Illuminate\\Pipeline\\Pipeline->Illuminate\\Pipeline\\{closure}(Object(Illuminate\\Http\\Request))
#26 C:\\dev\\Unifiedtransform\\vendor\\laravel\\framework\\src\\Illuminate\\Pipeline\\Pipeline.php(167): Illuminate\\Cookie\\Middleware\\AddQueuedCookiesToResponse->handle(Object(Illuminate\\Http\\Request), Object(Closure))
#27 C:\\dev\\Unifiedtransform\\vendor\\laravel\\framework\\src\\Illuminate\\Cookie\\Middleware\\EncryptCookies.php(66): Illuminate\\Pipeline\\Pipeline->Illuminate\\Pipeline\\{closure}(Object(Illuminate\\Http\\Request))
#28 C:\\dev\\Unifiedtransform\\vendor\\laravel\\framework\\src\\Illuminate\\Pipeline\\Pipeline.php(167): Illuminate\\Cookie\\Middleware\\EncryptCookies->handle(Object(Illuminate\\Http\\Request), Object(Closure))
#29 C:\\dev\\Unifiedtransform\\vendor\\laravel\\framework\\src\\Illuminate\\Pipeline\\Pipeline.php(103): Illuminate\\Pipeline\\Pipeline->Illuminate\\Pipeline\\{closure}(Object(Illuminate\\Http\\Request))
#30 C:\\dev\\Unifiedtransform\\vendor\\laravel\\framework\\src\\Illuminate\\Routing\\Router.php(687): Illuminate\\Pipeline\\Pipeline->then(Object(Closure))
#31 C:\\dev\\Unifiedtransform\\vendor\\laravel\\framework\\src\\Illuminate\\Routing\\Router.php(662): Illuminate\\Routing\\Router->runRouteWithinStack(Object(Illuminate\\Routing\\Route), Object(Illuminate\\Http\\Request))
#32 C:\\dev\\Unifiedtransform\\vendor\\laravel\\framework\\src\\Illuminate\\Routing\\Router.php(628): Illuminate\\Routing\\Router->runRoute(Object(Illuminate\\Http\\Request), Object(Illuminate\\Routing\\Route))
#33 C:\\dev\\Unifiedtransform\\vendor\\laravel\\framework\\src\\Illuminate\\Routing\\Router.php(617): Illuminate\\Routing\\Router->dispatchToRoute(Object(Illuminate\\Http\\Request))
#34 C:\\dev\\Unifiedtransform\\vendor\\laravel\\framework\\src\\Illuminate\\Foundation\\Http\\Kernel.php(165): Illuminate\\Routing\\Router->dispatch(Object(Illuminate\\Http\\Request))
#35 C:\\dev\\Unifiedtransform\\vendor\\laravel\\framework\\src\\Illuminate\\Pipeline\\Pipeline.php(128): Illuminate\\Foundation\\Http\\Kernel->Illuminate\\Foundation\\Http\\{closure}(Object(Illuminate\\Http\\Request))
#36 C:\\dev\\Unifiedtransform\\vendor\\fideloper\\proxy\\src\\TrustProxies.php(57): Illuminate\\Pipeline\\Pipeline->Illuminate\\Pipeline\\{closure}(Object(Illuminate\\Http\\Request))
#37 C:\\dev\\Unifiedtransform\\vendor\\laravel\\framework\\src\\Illuminate\\Pipeline\\Pipeline.php(167): Fideloper\\Proxy\\TrustProxies->handle(Object(Illuminate\\Http\\Request), Object(Closure))
#38 C:\\dev\\Unifiedtransform\\vendor\\laravel\\framework\\src\\Illuminate\\Foundation\\Http\\Middleware\\TransformsRequest.php(21): Illuminate\\Pipeline\\Pipeline->Illuminate\\Pipeline\\{closure}(Object(Illuminate\\Http\\Request))
#39 C:\\dev\\Unifiedtransform\\vendor\\laravel\\framework\\src\\Illuminate\\Pipeline\\Pipeline.php(167): Illuminate\\Foundation\\Http\\Middleware\\TransformsRequest->handle(Object(Illuminate\\Http\\Request), Object(Closure))
#40 C:\\dev\\Unifiedtransform\\vendor\\laravel\\framework\\src\\Illuminate\\Foundation\\Http\\Middleware\\TransformsRequest.php(21): Illuminate\\Pipeline\\Pipeline->Illuminate\\Pipeline\\{closure}(Object(Illuminate\\Http\\Request))
#41 C:\\dev\\Unifiedtransform\\vendor\\laravel\\framework\\src\\Illuminate\\Pipeline\\Pipeline.php(167): Illuminate\\Foundation\\Http\\Middleware\\TransformsRequest->handle(Object(Illuminate\\Http\\Request), Object(Closure))
#42 C:\\dev\\Unifiedtransform\\vendor\\laravel\\framework\\src\\Illuminate\\Foundation\\Http\\Middleware\\ValidatePostSize.php(27): Illuminate\\Pipeline\\Pipeline->Illuminate\\Pipeline\\{closure}(Object(Illuminate\\Http\\Request))
#43 C:\\dev\\Unifiedtransform\\vendor\\laravel\\framework\\src\\Illuminate\\Pipeline\\Pipeline.php(167): Illuminate\\Foundation\\Http\\Middleware\\ValidatePostSize->handle(Object(Illuminate\\Http\\Request), Object(Closure))
#44 C:\\dev\\Unifiedtransform\\vendor\\laravel\\framework\\src\\Illuminate\\Foundation\\Http\\Middleware\\CheckForMaintenanceMode.php(63): Illuminate\\Pipeline\\Pipeline->Illuminate\\Pipeline\\{closure}(Object(Illuminate\\Http\\Request))
#45 C:\\dev\\Unifiedtransform\\vendor\\laravel\\framework\\src\\Illuminate\\Pipeline\\Pipeline.php(167): Illuminate\\Foundation\\Http\\Middleware\\CheckForMaintenanceMode->handle(Object(Illuminate\\Http\\Request), Object(Closure))
#46 C:\\dev\\Unifiedtransform\\vendor\\laravel\\framework\\src\\Illuminate\\Pipeline\\Pipeline.php(103): Illuminate\\Pipeline\\Pipeline->Illuminate\\Pipeline\\{closure}(Object(Illuminate\\Http\\Request))
#47 C:\\dev\\Unifiedtransform\\vendor\\laravel\\framework\\src\\Illuminate\\Foundation\\Http\\Kernel.php(140): Illuminate\\Pipeline\\Pipeline->then(Object(Closure))
#48 C:\\dev\\Unifiedtransform\\vendor\\laravel\\framework\\src\\Illuminate\\Foundation\\Http\\Kernel.php(109): Illuminate\\Foundation\\Http\\Kernel->sendRequestThroughRouter(Object(Illuminate\\Http\\Request))
#49 C:\\dev\\Unifiedtransform\\public\\index.php(55): Illuminate\\Foundation\\Http\\Kernel->handle(Object(Illuminate\\Http\\Request))
#50 C:\\dev\\Unifiedtransform\\server.php(21): require_once('C:\\\\dev\\\\Unifiedt...')
#51 {main}
"} 
[2020-05-28 23:30:57] laravel.INFO: Email failed to send to this address: sk70mishra@gmail.com  
